time,hash-rate
2009-01-10,1.07E-07
2009-01-13,1.70435E-06
2009-01-16,4.31769E-06
2009-01-19,5.55335E-06
2009-01-22,5.68117E-06
2009-01-25,5.61016E-06
2009-01-28,6.15697E-06
2009-01-31,6.80321E-06
2009-02-03,5.8303E-06
2009-02-06,6.19958E-06
2009-02-09,6.36291E-06
2009-02-12,6.36291E-06
2009-02-15,6.41262E-06
2009-02-18,6.22799E-06
2009-02-21,6.19958E-06
2009-02-24,5.85871E-06
2009-02-27,5.53914E-06
2009-03-02,5.3403E-06
2009-03-05,5.27639E-06
2009-03-08,5.37581E-06
2009-03-11,5.47523E-06
2009-03-14,5.54625E-06
2009-03-17,5.69538E-06
2009-03-20,5.809E-06
2009-03-23,5.44683E-06
2009-03-26,5.43262E-06
2009-03-29,5.61016E-06
2009-04-01,5.73799E-06
2009-04-04,5.74509E-06
2009-04-07,5.75219E-06
2009-04-10,5.48233E-06
2009-04-13,5.37581E-06
2009-04-16,5.63146E-06
2009-04-19,5.88712E-06
2009-04-22,5.90132E-06
2009-04-25,5.64567E-06
2009-04-28,5.48943E-06
2009-05-01,5.8303E-06
2009-05-04,5.94393E-06
2009-05-07,6.2706E-06
2009-05-10,5.95813E-06
2009-05-13,5.53204E-06
2009-05-16,5.61016E-06
2009-05-19,6.25639E-06
2009-05-22,5.67407E-06
2009-05-25,4.28218E-06
2009-05-28,4.43842E-06
2009-05-31,5.39001E-06
2009-06-03,5.09885E-06
2009-06-06,4.09755E-06
2009-06-09,2.71986E-06
2009-06-12,3.03233E-06
2009-06-15,4.09755E-06
2009-06-18,3.97682E-06
2009-06-21,3.93421E-06
2009-06-24,3.97682E-06
2009-06-27,3.99813E-06
2009-06-30,3.80639E-06
2009-07-03,3.8561E-06
2009-07-06,4.04784E-06
2009-07-09,3.95552E-06
2009-07-12,3.97682E-06
2009-07-15,3.90581E-06
2009-07-18,3.46552E-06
2009-07-21,2.71276E-06
2009-07-24,2.86899E-06
2009-07-27,3.01812E-06
2009-07-30,2.46421E-06
2009-08-02,1.4345E-06
2009-08-05,1.30667E-06
2009-08-08,2.74827E-06
2009-08-11,4.12595E-06
2009-08-14,3.92001E-06
2009-08-17,2.99682E-06
2009-08-20,1.74696E-06
2009-08-23,8.10E-07
2009-08-26,9.80E-07
2009-08-29,1.55522E-06
2009-09-01,3.25247E-06
2009-09-04,3.82059E-06
2009-09-07,3.60044E-06
2009-09-10,3.32349E-06
2009-09-13,3.3661E-06
2009-09-16,3.30218E-06
2009-09-19,3.55073E-06
2009-09-22,3.56494E-06
2009-09-25,3.18146E-06
2009-09-28,3.55073E-06
2009-10-01,4.42421E-06
2009-10-04,4.01233E-06
2009-10-07,3.30218E-06
2009-10-10,2.96131E-06
2009-10-13,3.25247E-06
2009-10-16,3.46552E-06
2009-10-19,3.11044E-06
2009-10-22,3.99102E-06
2009-10-25,4.29639E-06
2009-10-28,3.79928E-06
2009-10-31,3.22407E-06
2009-11-03,2.47841E-06
2009-11-06,2.49972E-06
2009-11-09,2.9187E-06
2009-11-12,3.29508E-06
2009-11-15,3.53653E-06
2009-11-18,4.11175E-06
2009-11-21,4.28929E-06
2009-11-24,4.24668E-06
2009-11-27,4.40291E-06
2009-11-30,4.06204E-06
2009-12-03,3.74247E-06
2009-12-06,3.42291E-06
2009-12-09,4.27508E-06
2009-12-12,4.91422E-06
2009-12-15,5.35451E-06
2009-12-18,5.92262E-06
2009-12-21,7.83292E-06
2009-12-24,9.00466E-06
2009-12-27,8.11698E-06
2009-12-30,7.81161E-06
2010-01-02,8.04406E-06
2010-01-05,8.79213E-06
2010-01-08,9.46716E-06
2010-01-11,1.0114E-05
2010-01-14,9.73984E-06
2010-01-17,9.86754E-06
2010-01-20,8.87861E-06
2010-01-23,9.02689E-06
2010-01-26,1.01213E-05
2010-01-29,1.13407E-05
2010-02-01,1.27343E-05
2010-02-04,1.25625E-05
2010-02-07,1.51865E-05
2010-02-10,1.82535E-05
2010-02-13,1.7332E-05
2010-02-16,1.83411E-05
2010-02-19,2.27061E-05
2010-02-22,2.57771E-05
2010-02-25,2.93352E-05
2010-02-28,3.12106E-05
2010-03-03,3.28936E-05
2010-03-06,3.2813E-05
2010-03-09,3.27586E-05
2010-03-12,3.2889E-05
2010-03-15,3.15338E-05
2010-03-18,2.99249E-05
2010-03-21,3.18556E-05
2010-03-24,3.76756E-05
2010-03-27,4.24113E-05
2010-03-30,4.27935E-05
2010-04-02,4.61957E-05
2010-04-05,4.86872E-05
2010-04-08,5.06921E-05
2010-04-11,5.54027E-05
2010-04-14,6.63305E-05
2010-04-17,7.56771E-05
2010-04-20,8.13544E-05
2010-04-23,8.77125E-05
2010-04-26,8.8056E-05
2010-04-29,9.42768E-05
2010-05-02,9.43582E-05
2010-05-05,9.16474E-05
2010-05-08,9.10532E-05
2010-05-11,8.98793E-05
2010-05-14,8.43132E-05
2010-05-17,7.52796E-05
2010-05-20,8.44957E-05
2010-05-23,9.91217E-05
2010-05-26,0.00011405
2010-05-29,0.000120973
2010-06-01,0.00012976
2010-06-04,0.000127356
2010-06-07,0.000117784
2010-06-10,0.000124629
2010-06-13,0.000130446
2010-06-16,0.000138394
2010-06-19,0.000133803
2010-06-22,0.00013911
2010-06-25,0.000144811
2010-06-28,0.000151005
2010-07-01,0.000160402
2010-07-04,0.000172253
2010-07-07,0.000183617
2010-07-10,0.000189097
2010-07-13,0.000259352
2010-07-16,0.000805162
2010-07-19,0.001949189
2010-07-22,0.002140111
2010-07-25,0.001661809
2010-07-28,0.001904713
2010-07-31,0.002053183
2010-08-03,0.002355142
2010-08-06,0.002681185
2010-08-09,0.002892422
2010-08-12,0.003194117
2010-08-15,0.003753793
2010-08-18,0.004180413
2010-08-21,0.004148963
2010-08-24,0.004255816
2010-08-27,0.00511352
2010-08-30,0.005394517
2010-09-02,0.00524931
2010-09-05,0.005082152
2010-09-08,0.005082152
2010-09-11,0.00532586
2010-09-14,0.005644937
2010-09-17,0.006343348
2010-09-20,0.007393177
2010-09-23,0.008280541
2010-09-26,0.009327179
2010-09-29,0.00967263
2010-10-02,0.009998576
2010-10-05,0.00944261
2010-10-08,0.009252118
2010-10-11,0.01013238
2010-10-14,0.010879756
2010-10-17,0.012403624
2010-10-20,0.01537384
2010-10-23,0.018211427
2010-10-26,0.019303431
2010-10-29,0.021289385
2010-11-01,0.024659643
2010-11-04,0.02675562
2010-11-07,0.029662377
2010-11-10,0.036757201
2010-11-13,0.042542167
2010-11-16,0.048773157
2010-11-19,0.049707385
2010-11-22,0.049762774
2010-11-25,0.052604858
2010-11-28,0.056664994
2010-12-01,0.065737403
2010-12-04,0.071644549
2010-12-07,0.084272178
2010-12-10,0.091959362
2010-12-13,0.097883712
2010-12-16,0.100478861
2010-12-19,0.1031035
2010-12-22,0.107540866
2010-12-25,0.107120327
2010-12-28,0.11187337
2010-12-31,0.115304717
2011-01-03,0.121784822
2011-01-06,0.122957519
2011-01-09,0.127256994
2011-01-12,0.129008567
2011-01-15,0.138852129
2011-01-18,0.14749893
2011-01-21,0.153572428
2011-01-24,0.155288109
2011-01-27,0.158561467
2011-01-30,0.165724417
2011-02-02,0.176537508
2011-02-05,0.178830311
2011-02-08,0.194462331
2011-02-11,0.218300392
2011-02-14,0.240641429
2011-02-17,0.259026193
2011-02-20,0.2995967
2011-02-23,0.340179951
2011-02-26,0.373101828
2011-03-01,0.468593145
2011-03-04,0.485654302
2011-03-07,0.545962946
2011-03-10,0.616452336
2011-03-13,0.572600038
2011-03-16,0.477232012
2011-03-19,0.47885525
2011-03-22,0.48751252
2011-03-25,0.515648648
2011-03-28,0.546035958
2011-03-31,0.545608865
2011-04-03,0.583893413
2011-04-06,0.622591047
2011-04-09,0.6287466
2011-04-12,0.647467219
2011-04-15,0.683017062
2011-04-18,0.681262737
2011-04-21,0.665219539
2011-04-24,0.726447335
2011-04-27,0.781061823
2011-04-30,0.826312256
2011-05-03,0.923277446
2011-05-06,1.051478516
2011-05-09,1.108259213
2011-05-12,1.290101968
2011-05-15,1.47224997
2011-05-18,1.690245744
2011-05-21,2.091624538
2011-05-24,2.598869618
2011-05-27,3.246951883
2011-05-30,3.67349154
2011-06-02,3.661153944
2011-06-05,3.900478729
2011-06-08,4.760742534
2011-06-11,5.499008107
2011-06-14,6.062811079
2011-06-17,7.705129377
2011-06-20,8.64415678
2011-06-23,9.559463434
2011-06-26,11.2404864
2011-06-29,11.57694699
2011-07-02,11.33199196
2011-07-05,11.65520349
2011-07-08,11.1667403
2011-07-11,11.1064882
2011-07-14,11.77687918
2011-07-17,12.14317231
2011-07-20,12.68706211
2011-07-23,12.4548236
2011-07-26,12.85557165
2011-07-29,13.6529151
2011-08-01,13.8570484
2011-08-04,14.23280924
2011-08-07,13.76724248
2011-08-10,12.67543301
2011-08-13,12.78273827
2011-08-16,12.94369615
2011-08-19,12.61339921
2011-08-22,12.85892259
2011-08-25,13.59251257
2011-08-28,13.27193444
2011-08-31,12.02809131
2011-09-03,12.28705573
2011-09-06,12.870168
2011-09-09,12.70055582
2011-09-12,12.58693256
2011-09-15,12.14618973
2011-09-18,11.94430825
2011-09-21,12.17937495
2011-09-24,12.25417152
2011-09-27,12.14197667
2011-09-30,11.65523754
2011-10-03,11.34753303
2011-10-06,11.04900922
2011-10-09,11.01301896
2011-10-12,10.48516184
2011-10-15,9.825340443
2011-10-18,9.317272701
2011-10-21,9.300634481
2011-10-24,8.466189305
2011-10-27,8.361925889
2011-10-30,8.372352231
2011-11-02,8.327252293
2011-11-05,8.526276317
2011-11-08,8.512159883
2011-11-11,8.725818515
2011-11-14,8.40960374
2011-11-17,8.445602465
2011-11-20,8.439707498
2011-11-23,7.926500581
2011-11-26,7.621635174
2011-11-29,7.392986119
2011-12-02,7.932839135
2011-12-05,8.230114335
2011-12-08,8.481521249
2011-12-11,8.249150804
2011-12-14,7.936283384
2011-12-17,7.642399829
2011-12-20,7.907177914
2011-12-23,8.169656849
2011-12-26,8.505957985
2011-12-29,8.844789594
2012-01-01,8.917107933
2012-01-04,8.5831636
2012-01-07,9.019735261
2012-01-10,9.461307725
2012-01-13,9.768831316
2012-01-16,9.388501174
2012-01-19,9.379618959
2012-01-22,9.406265603
2012-01-25,9.333958282
2012-01-28,9.576555798
2012-01-31,9.686121882
2012-02-03,10.02044632
2012-02-06,10.20152598
2012-02-09,10.08324074
2012-02-12,9.679950635
2012-02-15,9.836710969
2012-02-18,9.73873576
2012-02-21,10.054856
2012-02-24,10.49478066
2012-02-27,10.38951247
2012-03-01,11.00525968
2012-03-04,10.51750728
2012-03-07,10.3801804
2012-03-10,10.63074423
2012-03-13,11.63003418
2012-03-16,11.26858888
2012-03-19,11.2623591
2012-03-22,11.36240874
2012-03-25,11.51257533
2012-03-28,11.56577577
2012-03-31,11.82900504
2012-04-03,11.68712483
2012-04-06,11.29679587
2012-04-09,10.58063907
2012-04-12,11.05422663
2012-04-15,11.23043513
2012-04-18,10.54058835
2012-04-21,10.73486966
2012-04-24,11.4184052
2012-04-27,11.3623777
2012-04-30,11.17024035
2012-05-03,11.96521692
2012-05-06,12.2666139
2012-05-09,12.42731189
2012-05-12,12.64342618
2012-05-15,12.36856567
2012-05-18,11.02825124
2012-05-21,11.52058389
2012-05-24,11.32365083
2012-05-27,10.79952112
2012-05-30,10.93591683
2012-06-02,11.18597681
2012-06-05,11.50234788
2012-06-08,11.8300179
2012-06-11,12.0370979
2012-06-14,12.01152492
2012-06-17,12.26598795
2012-06-20,12.6932176
2012-06-23,12.33499121
2012-06-26,12.51723202
2012-06-29,12.76386298
2012-07-02,12.4818564
2012-07-05,12.53448055
2012-07-08,13.14301117
2012-07-11,13.54486955
2012-07-14,13.54486955
2012-07-17,13.01003999
2012-07-20,13.79249216
2012-07-23,13.75625939
2012-07-26,13.73126462
2012-07-29,14.8446104
2012-08-01,15.40145105
2012-08-04,15.5432419
2012-08-07,14.99849676
2012-08-10,15.7216644
2012-08-13,16.23937818
2012-08-16,17.16315851
2012-08-19,17.12975721
2012-08-22,17.7987668
2012-08-25,17.82988352
2012-08-28,18.03195132
2012-08-31,18.54599769
2012-09-03,18.75337889
2012-09-06,19.15201818
2012-09-09,20.63748681
2012-09-12,21.35228908
2012-09-15,19.95435567
2012-09-18,20.56656984
2012-09-21,20.99284413
2012-09-24,22.13229006
2012-09-27,21.94642792
2012-09-30,21.80405073
2012-10-03,21.43793793
2012-10-06,21.13559157
2012-10-09,21.26974888
2012-10-12,21.97433723
2012-10-15,22.40818397
2012-10-18,22.20897793
2012-10-21,22.63454363
2012-10-24,22.99616322
2012-10-27,22.99616322
2012-10-30,23.93433686
2012-11-02,24.45680662
2012-11-05,23.88593548
2012-11-08,24.14628575
2012-11-11,25.17877999
2012-11-14,24.36685165
2012-11-17,23.55039314
2012-11-20,23.4447252
2012-11-23,24.49734552
2012-11-26,24.66480784
2012-11-29,25.95652087
2012-12-02,26.18266273
2012-12-05,25.27604426
2012-12-08,23.42002555
2012-12-11,22.10127542
2012-12-14,22.78033607
2012-12-17,21.34595108
2012-12-20,20.7740481
2012-12-23,21.13304662
2012-12-26,21.63564456
2012-12-29,23.30971664
2013-01-01,23.29684709
2013-01-04,23.65664676
2013-01-07,22.85257469
2013-01-10,22.47556796
2013-01-13,21.86121764
2013-01-16,21.29967359
2013-01-19,20.6073765
2013-01-22,21.16121417
2013-01-25,22.01504724
2013-01-28,22.1280258
2013-01-31,22.30539592
2013-02-03,23.42283561
2013-02-06,24.8726576
2013-02-09,25.14463356
2013-02-12,25.2377553
2013-02-15,25.00514926
2013-02-18,27.30794906
2013-02-21,29.59510131
2013-02-24,30.77256206
2013-02-27,31.2945395
2013-03-02,32.12481166
2013-03-05,33.41230617
2013-03-08,34.08914211
2013-03-11,35.36089355
2013-03-14,34.46136204
2013-03-17,38.22467566
2013-03-20,42.98902391
2013-03-23,47.85131533
2013-03-26,52.65649086
2013-03-29,53.68090657
2013-04-01,52.40030936
2013-04-04,59.67548843
2013-04-07,59.22531031
2013-04-10,60.26299447
2013-04-13,64.73359302
2013-04-16,63.80727056
2013-04-19,66.69336865
2013-04-22,68.01745473
2013-04-25,70.29492659
2013-04-28,73.92757465
2013-05-01,75.22107937
2013-05-04,73.88575317
2013-05-07,75.27739834
2013-05-10,80.35790716
2013-05-13,85.00907721
2013-05-16,86.74510902
2013-05-19,86.38343731
2013-05-22,82.70322426
2013-05-25,85.56327812
2013-05-28,94.27157207
2013-05-31,99.52252389
2013-06-03,108.6605801
2013-06-06,123.8833178
2013-06-09,132.342721
2013-06-12,136.5337967
2013-06-15,139.193546
2013-06-18,143.4983815
2013-06-21,137.7097321
2013-06-24,149.9721199
2013-06-27,157.5256608
2013-06-30,160.3571893
2013-07-03,168.0375139
2013-07-06,175.2995432
2013-07-09,187.8750506
2013-07-12,203.8510744
2013-07-15,209.212084
2013-07-18,218.3088907
2013-07-21,222.0247868
2013-07-24,237.8693025
2013-07-27,247.2180145
2013-07-30,249.0506518
2013-08-02,278.5726988
2013-08-05,298.2627314
2013-08-08,324.086807
2013-08-11,355.031657
2013-08-14,395.3663822
2013-08-17,417.6460719
2013-08-20,449.9524544
2013-08-23,479.5403463
2013-08-26,510.1153164
2013-08-29,540.6423123
2013-09-01,584.5862042
2013-09-04,661.1613938
2013-09-07,725.4965437
2013-09-10,723.4877769
2013-09-13,796.3840345
2013-09-16,895.8337967
2013-09-19,935.2841392
2013-09-22,1003.784054
2013-09-25,1082.96702
2013-09-28,1244.744003
2013-10-01,1285.237482
2013-10-04,1327.38432
2013-10-07,1465.746416
2013-10-10,1563.787432
2013-10-13,1697.692472
2013-10-16,1998.787574
2013-10-19,2338.404231
2013-10-22,2628.205873
2013-10-25,2810.098723
2013-10-28,3154.265107
2013-10-31,3374.437282
2013-11-03,3678.422494
2013-11-06,3825.559394
2013-11-09,3802.868954
2013-11-12,3933.395133
2013-11-15,4295.967252
2013-11-18,4826.532482
2013-11-21,4837.318485
2013-11-24,4981.782593
2013-11-27,4999.095478
2013-11-30,5370.127723
2013-12-03,5747.66581
2013-12-06,6234.333072
2013-12-09,6445.325811
2013-12-12,7078.181464
2013-12-15,7626.34587
2013-12-18,8114.884685
2013-12-21,9005.070763
2013-12-24,9414.272755
2013-12-27,9731.244642
2013-12-30,9770.024596
2014-01-02,10323.51955
2014-01-05,10582.9204
2014-01-08,11760.62969
2014-01-11,12813.23626
2014-01-14,14305.12696
2014-01-17,15285.62766
2014-01-20,15605.92598
2014-01-23,15821.96893
2014-01-26,16994.94476
2014-01-29,17732.34765
2014-02-01,17822.99199
2014-02-04,19271.88906
2014-02-07,20656.48075
2014-02-10,21087.88513
2014-02-13,21315.11098
2014-02-16,22134.20695
2014-02-19,24359.78848
2014-02-22,26123.49597
2014-02-25,27225.08711
2014-02-28,27313.98535
2014-03-03,29032.72098
2014-03-06,29164.00877
2014-03-09,29671.47449
2014-03-12,31486.98937
2014-03-15,32057.97613
2014-03-18,33824.37064
2014-03-21,33714.16826
2014-03-24,36430.6187
2014-03-27,38996.44354
2014-03-30,41705.37043
2014-04-02,41778.36545
2014-04-05,44836.18624
2014-04-08,47780.19966
2014-04-11,48128.63571
2014-04-14,49108.70777
2014-04-17,52541.97141
2014-04-20,55940.88978
2014-04-23,55738.05725
2014-04-26,56994.02461
2014-04-29,57043.58463
2014-05-02,59124.3279
2014-05-05,60375.43246
2014-05-08,62954.26662
2014-05-11,63920.17144
2014-05-14,67604.47014
2014-05-17,71358.1518
2014-05-20,74314.99306
2014-05-23,76704.13835
2014-05-26,77693.31191
2014-05-29,79388.73574
2014-06-01,79597.02104
2014-06-04,86799.36343
2014-06-07,88537.81468
2014-06-10,87321.39742
2014-06-13,88915.53635
2014-06-16,95511.14891
2014-06-19,105251.717
2014-06-22,113782.959
2014-06-25,118931.4626
2014-06-28,122564.4173
2014-07-01,124527.4699
2014-07-04,120435.8687
2014-07-07,118958.0069
2014-07-10,125885.2804
2014-07-13,128751.7384
2014-07-16,128806.1563
2014-07-19,134448.4799
2014-07-22,138379.3318
2014-07-25,133947.2535
2014-07-28,131646.2068
2014-07-31,138928.4508
2014-08-03,145962.6768
2014-08-06,142370.1587
2014-08-09,142042.1068
2014-08-12,156186.9054
2014-08-15,168551.6459
2014-08-18,166590.1139
2014-08-21,173869.381
2014-08-24,185549.6474
2014-08-27,187620.0106
2014-08-30,191175.9856
2014-09-02,205492.2852
2014-09-05,210825.0291
2014-09-08,214261.8716
2014-09-11,212119.2529
2014-09-14,215235.7892
2014-09-17,230941.5697
2014-09-20,251183.753
2014-09-23,256320.1904
2014-09-26,242339.0891
2014-09-29,237192.7421
2014-10-02,244492.4536
2014-10-05,247623.8573
2014-10-08,262392.6759
2014-10-11,262629.4035
2014-10-14,254597.3328
2014-10-17,258511.7331
2014-10-20,255280.3365
2014-10-23,257517.4572
2014-10-26,261957.9967
2014-10-29,269178.8897
2014-11-01,277528.2123
2014-11-04,289794.6526
2014-11-07,298142.2085
2014-11-10,290766.3526
2014-11-13,286306.5269
2014-11-16,285462.7945
2014-11-19,287993.9917
2014-11-22,281806.1041
2014-11-25,286019.9368
2014-11-28,280465.5523
2014-12-01,291626.9365
2014-12-04,285903.1498
2014-12-07,286699.9065
2014-12-10,277260.3304
2014-12-13,286100.5156
2014-12-16,289225.7447
2014-12-19,274761.561
2014-12-22,271171.9834
2014-12-25,277685.488
2014-12-28,297019.7955
2014-12-31,309909.3338
2015-01-03,318714.726
2015-01-06,323459.8598
2015-01-09,316894.2242
2015-01-12,302463.704
2015-01-15,297101.5732
2015-01-18,306288.2272
2015-01-21,312263.311
2015-01-24,303519.9383
2015-01-27,282598.2964
2015-01-30,296921.4384
2015-02-02,317069.2015
2015-02-05,315666.4983
2015-02-08,324459.4369
2015-02-11,325783.7947
2015-02-14,318705.117
2015-02-17,324853.935
2015-02-20,338744.6766
2015-02-23,345058.6501
2015-02-26,338305.8581
2015-03-01,335436.4235
2015-03-04,347109.3574
2015-03-07,337495.0581
2015-03-10,336202.5437
2015-03-13,346865.6791
2015-03-16,337478.8311
2015-03-19,326027.4536
2015-03-22,333100.3632
2015-03-25,342699.2978
2015-03-28,361125.7289
2015-03-31,363944.166
2015-04-03,349346.5878
2015-04-06,346632.8094
2015-04-09,345894.1291
2015-04-12,344119.0779
2015-04-15,342714.5102
2015-04-18,339554.233
2015-04-21,346928.2132
2015-04-24,348565.8874
2015-04-27,350074.0497
2015-04-30,333033.2842
2015-05-03,338104.857
2015-05-06,331409.4454
2015-05-09,346053.3453
2015-05-12,341721.4033
2015-05-15,342398.0794
2015-05-18,365143.5211
2015-05-21,350303.9655
2015-05-24,347644.5787
2015-05-27,338632.8548
2015-05-30,337593.0405
2015-06-02,338632.8548
2015-06-05,341152.7355
2015-06-08,351645.1766
2015-06-11,362626.6972
2015-06-14,363978.5209
2015-06-17,352646.7784
2015-06-20,362174.7752
2015-06-23,347242.6248
2015-06-26,359593.7344
2015-06-29,361711.0675
2015-07-02,354835.5803
2015-07-05,361303.8832
2015-07-08,373630.5241
2015-07-11,373981.3509
2015-07-14,362611.5954
2015-07-17,363853.4614
2015-07-20,370334.1942
2015-07-23,367795.1743
2015-07-26,379982.6239
2015-07-29,386597.3152
2015-08-01,376078.946
2015-08-04,384246.5045
2015-08-07,377563.9566
2015-08-10,368785.4997
2015-08-13,388746.1137
2015-08-16,381356.8742
2015-08-19,365264.2878
2015-08-22,385847.8286
2015-08-25,399023.0437
2015-08-28,400167.1031
2015-08-31,407263.8701
2015-09-03,413043.3953
2015-09-06,415387.5812
2015-09-09,415620.883
2015-09-12,431987.7009
2015-09-15,427538.3894
2015-09-18,429156.3209
2015-09-21,414405.2595
2015-09-24,410138.505
2015-09-27,430216.773
2015-09-30,448756.9669
2015-10-03,441993.6251
2015-10-06,453468.7881
2015-10-09,430567.5198
2015-10-12,432294.9723
2015-10-15,429703.7936
2015-10-18,442884.8037
2015-10-21,448285.76
2015-10-24,442308.8661
2015-10-27,444903.053
2015-10-30,451963.8497
2015-11-02,468259.4999
2015-11-05,477904.2708
2015-11-08,471272.8517
2015-11-11,457125.8242
2015-11-14,491295.5187
2015-11-17,513536.8349
2015-11-20,505496.3737
2015-11-23,527474.4769
2015-11-26,537269.3457
2015-11-29,550227.3432
2015-12-02,573246.6611
2015-12-05,558786.385
2015-12-08,585252.0281
2015-12-11,634659.5167
2015-12-14,659486.2288
2015-12-17,687573.3766
2015-12-20,667413.1818
2015-12-23,684351.2456
2015-12-26,708085.3785
2015-12-29,750557.2288
2016-01-01,770515.4892
2016-01-04,739322.7071
2016-01-07,766473.2316
2016-01-10,812210.8066
2016-01-13,833604.1884
2016-01-16,826381.991
2016-01-19,822925.0518
2016-01-22,809006.7387
2016-01-25,896749.7581
2016-01-28,928737.431
2016-01-31,965900.4615
2016-02-03,995618.1718
2016-02-06,1052729.831
2016-02-09,1113096.366
2016-02-12,1209706.714
2016-02-15,1210727.404
2016-02-18,1147274.235
2016-02-21,1160506.345
2016-02-24,1126289.285
2016-02-27,1122716.597
2016-03-01,1123877.627
2016-03-04,1141293.087
2016-03-07,1159514.559
2016-03-10,1182661.475
2016-03-13,1194819.639
2016-03-16,1201570.033
2016-03-19,1156745.272
2016-03-22,1160553.648
2016-03-25,1176445.598
2016-03-28,1201126.275
2016-03-31,1254013.44
2016-04-03,1220341.058
2016-04-06,1218889.999
2016-04-09,1246504.838
2016-04-12,1277311.992
2016-04-15,1319607.317
2016-04-18,1313989.786
2016-04-21,1339935.296
2016-04-24,1320902.125
2016-04-27,1285373.537
2016-04-30,1239654.152
2016-05-03,1309380.489
2016-05-06,1384198.438
2016-05-09,1404498.323
2016-05-12,1404003.342
2016-05-15,1410311.676
2016-05-18,1364319.777
2016-05-21,1364319.777
2016-05-24,1477438.302
2016-05-27,1502286.331
2016-05-30,1441462.063
2016-06-02,1375776.662
2016-06-05,1361622.581
2016-06-08,1452208.698
2016-06-11,1482798.328
2016-06-14,1476356.503
2016-06-17,1452193.671
2016-06-20,1506494.297
2016-06-23,1524578.422
2016-06-26,1536803.643
2016-06-29,1499324.11
2016-07-02,1579645.045
2016-07-05,1574951.627
2016-07-08,1554081.053
2016-07-11,1551816.136
2016-07-14,1521507.227
2016-07-17,1524538.118
2016-07-20,1500475.064
2016-07-23,1508326.076
2016-07-26,1408466.163
2016-07-29,1382692.293
2016-08-01,1434240.032
2016-08-04,1539535.451
2016-08-07,1629641.011
2016-08-10,1547003.294
2016-08-13,1491087.512
2016-08-16,1521477.131
2016-08-19,1546812.846
2016-08-22,1593082.752
2016-08-25,1676441.733
2016-08-28,1586908.012
2016-08-31,1589814.836
2016-09-03,1621724.989
2016-09-06,1628830.76
2016-09-09,1614721.542
2016-09-12,1620992.306
2016-09-15,1727836.82
2016-09-18,1767828.811
2016-09-21,1674309.477
2016-09-24,1663083.264
2016-09-27,1804386.934
2016-09-30,1854675.199
2016-10-03,1803859.576
2016-10-06,1815851.045
2016-10-09,1891426.406
2016-10-12,1897250.873
2016-10-15,1839562.571
2016-10-18,1734916.796
2016-10-21,1740424.469
2016-10-24,1820178.174
2016-10-27,1833053.461
2016-10-30,1851491.358
2016-11-02,1912727.453
2016-11-05,1826276.495
2016-11-08,1800654.255
2016-11-11,1895952.179
2016-11-14,1996227.276
2016-11-17,2064937.998
2016-11-20,2030505.841
2016-11-23,1985338.105
2016-11-26,2017209.539
2016-11-29,2119270.736
2016-12-02,2107263.536
2016-12-05,2151639.916
2016-12-08,2208481.845
2016-12-11,2136244.081
2016-12-14,2282869.032
2016-12-17,2187573.245
2016-12-20,2182935.161
2016-12-23,2262016.179
2016-12-26,2343510.433
2016-12-29,2380918.585
2017-01-01,2420681.793
2017-01-04,2479403.038
2017-01-07,2443306.179
2017-01-10,2393672.997
2017-01-13,2523147.513
2017-01-16,2641887.48
2017-01-19,2729823.999
2017-01-22,2844663.221
2017-01-25,2952040.673
2017-01-28,3053427.684
2017-01-31,3044561.702
2017-02-03,3150605.097
2017-02-06,3113197.005
2017-02-09,3030498.458
2017-02-12,3108957.511
2017-02-15,3222882.666
2017-02-18,3159924.028
2017-02-21,3190296.409
2017-02-24,3147790.987
2017-02-27,3399379.791
2017-03-02,3449462.735
2017-03-05,3361582.214
2017-03-08,3321030.015
2017-03-11,3344125.478
2017-03-14,3429201.077
2017-03-17,3455378.185
2017-03-20,3561598.223
2017-03-23,3595072.83
2017-03-26,3587653.559
2017-03-29,3618057.403
2017-04-01,3506716.603
2017-04-04,3704147.33
2017-04-07,3672333.296
2017-04-10,3789422.184
2017-04-13,3768133.296
2017-04-16,3727936.32
2017-04-19,3636471.778
2017-04-22,3809461.38
2017-04-25,3761380.799
2017-04-28,3836567.889
2017-05-01,3821883.55
2017-05-04,3881003.761
2017-05-07,3914364.825
2017-05-10,4073756.575
2017-05-13,4221326.561
2017-05-16,4268826.867
2017-05-19,4274860.982
2017-05-22,4274860.982
2017-05-25,4400811.961
2017-05-28,4576075.581
2017-05-31,4794765.227
2017-06-03,4837084.426
2017-06-06,5167926.41
2017-06-09,5315464.143
2017-06-12,5220268.568
2017-06-15,4969618.554
2017-06-18,4950512.174
2017-06-21,5052025.489
2017-06-24,5145067.927
2017-06-27,4988391.006
2017-06-30,4942904.158
2017-07-03,5333067.905
2017-07-06,5535157.712
2017-07-09,5611261.893
2017-07-12,5596164.328
2017-07-15,5861899.508
2017-07-18,5848067.996
2017-07-21,6016114.579
2017-07-24,6341773.203
2017-07-27,6404619.605
2017-07-30,6501258.799
2017-08-02,6350028.429
2017-08-05,6518130.266
2017-08-08,6646415.866
2017-08-11,6749801.502
2017-08-14,6519361.849
2017-08-17,6379288.902
2017-08-20,6812005.313
2017-08-23,6182599.625
2017-08-26,5496342.446
2017-08-29,5353592.71
2017-09-01,6118103.511
2017-09-04,6944362.851
2017-09-07,7539158.186
2017-09-10,7786592.785
2017-09-13,7745290.322
2017-09-16,7948423.994
2017-09-19,8052399.125
2017-09-22,7953567.899
2017-09-25,8039495.313
2017-09-28,8117852.967
2017-10-01,8141360.264
2017-10-04,8620716.497
2017-10-07,8093774.808
2017-10-10,8795148.103
2017-10-13,8874958.884
2017-10-16,8760461.405
2017-10-19,9245168.606
2017-10-22,10147786.81
2017-10-25,10037300.02
2017-10-28,10222239.67
2017-10-31,9904229.242
2017-11-03,9151439.67
2017-11-06,9636352.483
2017-11-09,10038726.94
2017-11-12,9438552.351
2017-11-15,8374026.663
2017-11-18,8710769.257
2017-11-21,10367656.4
2017-11-24,10571133.77
2017-11-27,10466026.6
2017-11-30,10675597.38
2017-12-03,11124893.2
2017-12-06,11660571.64
2017-12-09,12250080.26
2017-12-12,13045585.15
2017-12-15,13466860.99
2017-12-18,13817089.76
2017-12-21,14113591.52
2017-12-24,13848863.35
2017-12-27,13182080.72
2017-12-30,13807265.17
2018-01-02,14403625.44
2018-01-05,15259817.61
2018-01-08,15428139.72
2018-01-11,15592706.55
2018-01-14,16468932.15
2018-01-17,17062630.2
2018-01-20,17687863.12
2018-01-23,18921900.08
2018-01-26,19532771.53
2018-01-29,19835912.44
2018-02-01,19594807.85
2018-02-04,19890578.53
2018-02-07,21327603.84
2018-02-10,21410144.29
2018-02-13,21169737.44
2018-02-16,21822998.38
2018-02-19,22619160.15
2018-02-22,22155981.44
2018-02-25,22674608.89
2018-02-28,23129455.07
2018-03-03,23343023.45
2018-03-06,24069842.79
2018-03-09,24918422.58
2018-03-12,24840322.33
2018-03-15,24863690.46
2018-03-18,24887058.59
2018-03-21,24504394.82
2018-03-24,24653093.04
2018-03-27,24490774.32
2018-03-30,24908789.54
2018-04-02,25653102.32
2018-04-05,26526747.48
2018-04-08,27476916.43
2018-04-11,27252513.3
2018-04-14,28224926.85
2018-04-17,28081059.67
2018-04-20,29770217.79
2018-04-23,29909466.52
2018-04-26,29146052.61
2018-04-29,27778760.67
2018-05-02,28362730.68
2018-05-05,29362271.6
2018-05-08,29562209.25
2018-05-11,29676459.33
2018-05-14,30171351.48
2018-05-17,30795200.34
2018-05-20,30575293.66
2018-05-23,31340411.69
2018-05-26,32357235.31
2018-05-29,33709958.19
2018-06-01,34898238.81
2018-06-04,34255939.94
2018-06-07,36806214.5
2018-06-10,37002587.21
2018-06-13,34735390.61
2018-06-16,35226598.16
2018-06-19,37928239.65
2018-06-22,39762894.32
2018-06-25,40441645.5
2018-06-28,38798076.91
2018-07-01,37644230.76
2018-07-04,35642491.8
2018-07-07,36590525.8
2018-07-10,37975716.12
2018-07-13,39423135.59
2018-07-16,36947286.49
2018-07-19,37766752.67
2018-07-22,38873815.4
2018-07-25,42035153.36
2018-07-28,42402914.98
2018-07-31,42742938.89
2018-08-03,43330461.8
2018-08-06,45883210.8
2018-08-09,46221208.67
2018-08-12,46521092.49
2018-08-15,47856434.1
2018-08-18,48862992.06
2018-08-21,48186682.04
2018-08-24,48277429.08
2018-08-27,49000382.03
2018-08-30,51007110.46
2018-09-02,53028219.01
2018-09-05,48394221.49
2018-09-08,47988724.25
2018-09-11,49347584.83
2018-09-14,52636033.19
2018-09-17,49996152.17
2018-09-20,49447839.44
2018-09-23,51389369.57
2018-09-26,54374065.73
2018-09-29,53740253.4
2018-10-02,54756137.2
2018-10-05,54016485.12
2018-10-08,51211672.01
2018-10-11,50515184.99
2018-10-14,52041213.87
2018-10-17,52252978.72
2018-10-20,51051519.75
2018-10-23,51214865.44
2018-10-26,50090631.11
2018-10-29,49886595.95
2018-11-01,51977956.32
2018-11-04,54123853.77
2018-11-07,51832813.5
2018-11-10,47652507.45
2018-11-13,47091289.49
2018-11-16,47244348.93
2018-11-19,45715818.25
2018-11-22,42714092.65
2018-11-25,41389434.85
2018-11-28,40822456.29
2018-12-01,39499506.32
2018-12-04,37757484.1
2018-12-07,37191010.3
2018-12-10,35969936.15
2018-12-13,35005336.73
2018-12-16,37010224.29
2018-12-19,38029757.88
2018-12-22,37486502.69
2018-12-25,38725392.66
2018-12-28,41086085.89
2018-12-31,40723454.95
2019-01-03,41499587.18
2019-01-06,42762992.72
2019-01-09,42653392.38
2019-01-12,43172095.94
2019-01-15,42592390.9
2019-01-18,39460857.63
2019-01-21,40467000.62
2019-01-24,40991036.15
2019-01-27,43163853.56
2019-01-30,42667170.65
2019-02-02,42571473.9
2019-02-05,42283653.51
2019-02-08,44265699.76
2019-02-11,44881391.03
2019-02-14,44306824.51
2019-02-17,42190406.29
2019-02-20,44810549.23
2019-02-23,44380092.46
2019-02-26,42628200.63
2019-03-01,44684496.38
2019-03-04,44628180.42
2019-03-07,43291490.96
2019-03-10,42515348.69
2019-03-13,42034451.38
2019-03-16,43189370.05
2019-03-19,45511523.43
2019-03-22,47450934.94
2019-03-25,47511942.71
2019-03-28,45660541.98
2019-03-31,45880050.98
2019-04-03,45891071.53
2019-04-06,45800467.24
2019-04-09,46463226.78
2019-04-12,46415319.09
2019-04-15,45082048.6
2019-04-18,45082048.6
2019-04-21,44582650.28
2019-04-24,44471034.32
2019-04-27,45158438.97
2019-04-30,46740007.61
2019-05-03,50033463.75
2019-05-06,48827339.21
2019-05-09,47908384.97
2019-05-12,45881810.27
2019-05-15,49213476.99
2019-05-18,50117786.52
2019-05-21,51172297.31
2019-05-24,52656109.68
2019-05-27,52231162.98
2019-05-30,53373868.46
2019-06-02,53764035.53
2019-06-05,51549891.84
2019-06-08,54563917.45
2019-06-11,55994233.74
2019-06-14,53557398.59
2019-06-17,54248595.79
2019-06-20,56304637.07
2019-06-23,53722574.63
2019-06-26,57826747.81
2019-06-29,59739282.95
2019-07-02,59910359.25
2019-07-05,63617010.32
2019-07-08,65363801.56
2019-07-11,66436142.99
2019-07-14,64282328.42
2019-07-17,65398734.03
2019-07-20,62180292.39
2019-07-23,65527471.69
2019-07-26,66422512.07
2019-07-29,69400228.24
2019-08-01,71948489.16
2019-08-04,72972666.94
2019-08-07,74077368.97
2019-08-10,74566507.45
2019-08-13,73747045.07
2019-08-16,74456151.27
2019-08-19,70938762.02
2019-08-22,72283871.86
2019-08-25,74482723.33
2019-08-28,73547109
2019-08-31,76873723.57
2019-09-03,78440212.48
2019-09-06,81396021.8
2019-09-09,84070180.8
2019-09-12,88889490.53
2019-09-15,89554384.75
2019-09-18,89597236.25
2019-09-21,91702566.29
2019-09-24,90098193.59
2019-09-27,91434682.17
2019-09-30,89341776.99
2019-10-03,91433868.64
2019-10-06,91428958.51
2019-10-09,96593924.45
2019-10-12,98269788.06
2019-10-15,94280759.2
2019-10-18,93485053.29
2019-10-21,95055454.39
2019-10-24,101132725.1
2019-10-27,99339894.8
2019-10-30,92695122.52
2019-11-02,89256768.13
2019-11-05,90715212.05
2019-11-08,91861270.5
2019-11-11,92339819.42
2019-11-14,90699368.89
2019-11-17,95931202.12
2019-11-20,94937564.43
2019-11-23,90641806.33
2019-11-26,90238982.02
2019-11-29,90747073.16
2019-12-02,87522557.87
2019-12-05,95261394.56
2019-12-08,96880815.35
2019-12-11,96761138.52
2019-12-14,92907581.85
2019-12-17,91170136.91
2019-12-20,92925415.74
2019-12-23,99947585.94
2019-12-26,96857362.74
2019-12-29,94344814.3
2020-01-01,97011480.59
2020-01-04,103031752
2020-01-07,105477457.2
2020-01-10,108770686.2
2020-01-13,105144996.7
2020-01-16,104842225.1
2020-01-19,106104409.8
2020-01-22,110810185.5
2020-01-25,110600317.7
2020-01-28,110810185.5
2020-01-31,111739681
2020-02-03,111681439.2
2020-02-06,113456448.4
2020-02-09,109282832.6
2020-02-12,109340676.4
2020-02-15,107932589.7
2020-02-18,111150618.9
2020-02-21,109631870.5
2020-02-24,112391988.1
2020-02-27,109315034.3
2020-03-01,110892855.2
2020-03-04,116468614.7
2020-03-07,121307726.2
2020-03-10,121936056
2020-03-13,116070927.6
2020-03-16,108109035.4
2020-03-19,101680788.7
2020-03-22,94157585.88
2020-03-25,95333086.33
2020-03-28,100386175.8
2020-03-31,100495620.1
2020-04-03,104035696.3
2020-04-06,106308080.9
2020-04-09,104926817.7
2020-04-12,110999326.6
2020-04-15,115878648.7
2020-04-18,115054068.8
2020-04-21,113800073.5
2020-04-24,109962750.7
2020-04-27,111554966.9
2020-04-30,113216514.5
2020-05-03,113443174.2
2020-05-06,119472293.1
2020-05-09,121853507.6
2020-05-12,121087434.5
2020-05-15,111966037.4
2020-05-18,101672938.9
2020-05-21,93625665.18
2020-05-24,90689768.7
2020-05-27,90471236.69
2020-05-30,94602038.01
2020-06-02,103202223.3
2020-06-05,105288528.2
2020-06-08,110815623.4
2020-06-11,114994337.9
2020-06-14,112245343.4
2020-06-17,110570811.7
2020-06-20,105926966.6
2020-06-23,108235120.8
2020-06-26,112767411.3
2020-06-29,115793972
2020-07-02,117362562.9
2020-07-05,121956640.9
2020-07-08,125990398
2020-07-11,124533213.7
2020-07-14,123224186
2020-07-17,121358766
2020-07-20,115473898.1
2020-07-23,113943058.7
2020-07-26,120718051.4
2020-07-29,126940916.2
2020-08-01,124781881.4
2020-08-04,122154894.8
2020-08-07,122394179.6
2020-08-10,124667385.3
2020-08-13,126347972.7
2020-08-16,129075393.2
2020-08-19,125649848
2020-08-22,121798511.6
2020-08-25,123297691.9
2020-08-28,122017801.8
2020-08-31,122462847.3
2020-09-03,126308447.3
2020-09-06,122193759.5
2020-09-09,127930089.2
2020-09-12,131873589.7
2020-09-15,136485692.1
2020-09-18,139811607
2020-09-21,139904505.9
2020-09-24,136974413.1
2020-09-27,138914906
2020-09-30,139905644.7
2020-10-03,135516448
2020-10-06,137953248.4
2020-10-09,140918695.2
2020-10-12,138141088.9
2020-10-15,144034012.3
2020-10-18,146484944
2020-10-21,139371646.1
2020-10-24,133536442
2020-10-27,130791600
2020-10-30,116022516
2020-11-02,108779984.4
2020-11-05,115107145.5
2020-11-08,121130852.4
2020-11-11,128159204.2
2020-11-14,126609372
2020-11-17,124869930.3
2020-11-20,128602936.8
2020-11-23,141076183.2
2020-11-26,135709930.5
2020-11-29,133710520.9
2020-12-02,131996845.8
2020-12-05,133409747.7
2020-12-08,137948518.5
2020-12-11,134275333.1
2020-12-14,134533587.6
2020-12-17,132373208.7
2020-12-20,136823648.1
2020-12-23,134839542.6
2020-12-26,134176614.6
2020-12-29,134096925.5
2021-01-01,142734576.9
2021-01-04,146350014.1
2021-01-07,149387454
2021-01-10,148690226.4
2021-01-13,151697118.5
2021-01-16,153019188.2
2021-01-19,150294161.3
2021-01-22,146196560
2021-01-25,146698957.5
2021-01-28,148549580.9
2021-01-31,150095785.5
2021-02-03,146546722.6
2021-02-06,152461827.4
2021-02-09,165861253.1
2021-02-12,160711290
2021-02-15,156021049
2021-02-18,150236854
2021-02-21,151777618
2021-02-24,149558391
2021-02-27,154427502.3
2021-03-02,154118955.8
2021-03-05,151187764.5
2021-03-08,153716875.8
2021-03-11,155778275.4
2021-03-14,154598952.2
2021-03-17,156579037.3
2021-03-20,157420617.7
2021-03-23,160766785.1
2021-03-26,166720074.4
2021-03-29,166457523.8
2021-04-01,164904748.4
2021-04-04,162156064.8
2021-04-07,164631662
2021-04-10,167595961.7
2021-04-13,169731988.6
2021-04-16,172130189.2
2021-04-19,150787954.8
2021-04-22,136207676
2021-04-25,146198398.7
2021-04-28,154236798.6
2021-05-01,159260798.5
2021-05-04,167961731.5
2021-05-07,174317609.6
2021-05-10,177672590.3
2021-05-13,178989767.6
2021-05-16,176179075
2021-05-19,160228122.6
2021-05-22,146384382.4
2021-05-25,143716380.3
2021-05-28,148163050.5
2021-05-31,150291730.3
2021-06-03,151415069.7
2021-06-06,149939087.8
2021-06-09,150516054.3
2021-06-12,136316426.6
2021-06-15,132807547
2021-06-18,128421919.9
2021-06-21,120460802.6
2021-06-24,107438013.2
2021-06-27,99935754
2021-06-30,90734870.13