time,PriceUSD
2010-07-18,8.58E-02
2010-07-19,8.08E-02
2010-07-20,7.47E-02
2010-07-21,7.92E-02
2010-07-22,5.85E-02
2010-07-23,6.06E-02
2010-07-24,5.45E-02
2010-07-25,5.05E-02
2010-07-26,5.60E-02
2010-07-27,5.86E-02
2010-07-28,5.89E-02
2010-07-29,6.99E-02
2010-07-30,6.47E-02
2010-07-31,6.75E-02
2010-08-01,6.11E-02
2010-08-02,6.00E-02
2010-08-03,6.00E-02
2010-08-04,5.70E-02
2010-08-05,6.10E-02
2010-08-06,6.17E-02
2010-08-07,5.90E-02
2010-08-08,6.09E-02
2010-08-09,7.04E-02
2010-08-10,6.93E-02
2010-08-11,6.70E-02
2010-08-12,7.00E-02
2010-08-13,6.45E-02
2010-08-14,6.70E-02
2010-08-15,6.51E-02
2010-08-16,6.55E-02
2010-08-17,7.00E-02
2010-08-18,6.80E-02
2010-08-19,6.67E-02
2010-08-20,6.55E-02
2010-08-21,6.64E-02
2010-08-22,6.59E-02
2010-08-23,6.49E-02
2010-08-24,6.50E-02
2010-08-25,6.48E-02
2010-08-26,6.41E-02
2010-08-27,6.50E-02
2010-08-28,6.46E-02
2010-08-29,6.40E-02
2010-08-30,6.50E-02
2010-08-31,6.00E-02
2010-09-01,6.20E-02
2010-09-02,6.34E-02
2010-09-03,6.09E-02
2010-09-04,6.22E-02
2010-09-05,6.17E-02
2010-09-06,6.16E-02
2010-09-07,6.12E-02
2010-09-08,6.10E-02
2010-09-09,6.11E-02
2010-09-10,6.10E-02
2010-09-11,6.36E-02
2010-09-12,6.15E-02
2010-09-13,6.22E-02
2010-09-14,6.20E-02
2010-09-15,6.04E-02
2010-09-16,6.19E-02
2010-09-17,6.00E-02
2010-09-18,6.10E-02
2010-09-19,6.27E-02
2010-09-20,6.21E-02
2010-09-21,6.27E-02
2010-09-22,6.19E-02
2010-09-23,6.22E-02
2010-09-24,6.22E-02
2010-09-25,6.20E-02
2010-09-26,6.20E-02
2010-09-27,6.22E-02
2010-09-28,6.19E-02
2010-09-29,6.19E-02
2010-09-30,6.19E-02
2010-10-01,6.20E-02
2010-10-02,6.14E-02
2010-10-03,6.11E-02
2010-10-04,6.13E-02
2010-10-05,6.14E-02
2010-10-06,6.28E-02
2010-10-07,6.70E-02
2010-10-08,8.45E-02
2010-10-09,9.38E-02
2010-10-10,9.71E-02
2010-10-11,9.50E-02
2010-10-12,9.49E-02
2010-10-13,0.104865589
2010-10-14,0.102
2010-10-15,0.105
2010-10-16,0.101
2010-10-17,0.102
2010-10-18,0.1024
2010-10-19,9.75E-02
2010-10-20,9.90E-02
2010-10-21,0.107
2010-10-22,0.1025
2010-10-23,0.104556424
2010-10-24,0.11501
2010-10-25,0.139118553
2010-10-26,0.151
2010-10-27,0.1877
2010-10-28,0.1731
2010-10-29,0.19
2010-10-30,0.197610544
2010-10-31,0.1925
2010-11-01,0.194525061
2010-11-02,0.1938
2010-11-03,0.1931
2010-11-04,0.229275161
2010-11-05,0.259112414
2010-11-06,0.400982303
2010-11-07,0.34
2010-11-08,0.243184629
2010-11-09,0.217272694
2010-11-10,0.229549731
2010-11-11,0.2231
2010-11-12,0.2682
2010-11-13,0.276
2010-11-14,0.27904
2010-11-15,0.268464556
2010-11-16,0.225
2010-11-17,0.241939334
2010-11-18,0.269057791
2010-11-19,0.27829
2010-11-20,0.283015965
2010-11-21,0.27675
2010-11-22,0.285
2010-11-23,0.28295
2010-11-24,0.282905736
2010-11-25,0.28
2010-11-26,0.2844
2010-11-27,0.283
2010-11-28,0.271358679
2010-11-29,0.230559456
2010-11-30,0.2082
2010-12-01,0.2275
2010-12-02,0.255
2010-12-03,0.251060084
2010-12-04,0.205000526
2010-12-05,0.202850018
2010-12-06,0.204
2010-12-07,0.233420386
2010-12-08,0.2388
2010-12-09,0.199991694
2010-12-10,0.204
2010-12-11,0.228
2010-12-12,0.219853612
2010-12-13,0.227605237
2010-12-14,0.24669
2010-12-15,0.24
2010-12-16,0.24996
2010-12-17,0.242655815
2010-12-18,0.241
2010-12-19,0.2401
2010-12-20,0.267
2010-12-21,0.241436002
2010-12-22,0.25
2010-12-23,0.249970128
2010-12-24,0.248
2010-12-25,0.2499
2010-12-26,0.264962127
2010-12-27,0.264785389
2010-12-28,0.281
2010-12-29,0.3
2010-12-30,0.3
2010-12-31,0.3
2011-01-01,0.3
2011-01-02,0.29997
2011-01-03,0.295
2011-01-04,0.29895
2011-01-05,0.298916302
2011-01-06,0.298
2011-01-07,0.32
2011-01-08,0.3229
2011-01-09,0.323
2011-01-10,0.32659
2011-01-11,0.32659
2011-01-12,0.318799621
2011-01-13,0.3176
2011-01-14,0.399990006
2011-01-15,0.386
2011-01-16,0.38679
2011-01-17,0.3495
2011-01-18,0.31299
2011-01-19,0.31299
2011-01-20,0.39
2011-01-21,0.41991
2011-01-22,0.440035529
2011-01-23,0.4424
2011-01-24,0.4199
2011-01-25,0.41
2011-01-26,0.41508513
2011-01-27,0.4212
2011-01-28,0.444484044
2011-01-29,0.439
2011-01-30,0.477142034
2011-01-31,0.52513687
2011-02-01,0.707510117
2011-02-02,0.725434822
2011-02-03,0.693898368
2011-02-04,0.810958971
2011-02-05,0.911671477
2011-02-06,0.898
2011-02-07,0.88942137
2011-02-08,0.918
2011-02-09,1.016050245
2011-02-10,0.979652963
2011-02-11,1.054069454
2011-02-12,1.078703284
2011-02-13,1.05
2011-02-14,1.070012624
2011-02-15,1.05
2011-02-16,1.031687629
2011-02-17,1.039923198
2011-02-18,0.898955915
2011-02-19,0.944028117
2011-02-20,0.865
2011-02-21,0.835747428
2011-02-22,0.87704178
2011-02-23,0.9
2011-02-24,0.989095266
2011-02-25,0.914652002
2011-02-26,0.958
2011-02-27,0.895033115
2011-02-28,0.860220923
2011-03-01,0.921096892
2011-03-02,0.9399
2011-03-03,0.939073383
2011-03-04,0.9011
2011-03-05,0.907840607
2011-03-06,0.884770973
2011-03-07,0.877583864
2011-03-08,0.866071591
2011-03-09,0.86
2011-03-10,0.92067031
2011-03-11,0.88
2011-03-12,0.917815513
2011-03-13,0.89249
2011-03-14,0.893924923
2011-03-15,0.87224
2011-03-16,0.851211666
2011-03-17,0.82542
2011-03-18,0.801959208
2011-03-19,0.765
2011-03-20,0.7415
2011-03-21,0.75897
2011-03-22,0.809130293
2011-03-23,0.84971
2011-03-24,0.872374366
2011-03-25,0.88377
2011-03-26,0.8552
2011-03-27,0.822
2011-03-28,0.7947405
2011-03-29,0.792509942
2011-03-30,0.789706312
2011-03-31,0.78461
2011-04-01,0.77411
2011-04-02,0.78199
2011-04-03,0.779
2011-04-04,0.68
2011-04-05,0.715691835
2011-04-06,0.74
2011-04-07,0.7538
2011-04-08,0.74999
2011-04-09,0.734060517
2011-04-10,0.733156821
2011-04-11,0.770113933
2011-04-12,0.861381608
2011-04-13,0.930320058
2011-04-14,0.998629766
2011-04-15,0.983673137
2011-04-16,1.046632858
2011-04-17,1.098122098
2011-04-18,1.149433312
2011-04-19,1.185162221
2011-04-20,1.142125985
2011-04-21,1.207338872
2011-04-22,1.404505082
2011-04-23,1.828852301
2011-04-24,1.63198422
2011-04-25,1.564483635
2011-04-26,1.77084089
2011-04-27,1.903175959
2011-04-28,2.285744466
2011-04-29,2.85060509
2011-04-30,3.5
2011-05-01,3.094227553
2011-05-02,3.2
2011-05-03,3.360585704
2011-05-04,3.408673047
2011-05-05,3.343736684
2011-05-06,3.455075584
2011-05-07,3.641262978
2011-05-08,3.848668377
2011-05-09,3.804089582
2011-05-10,5.651667002
2011-05-11,5.439751044
2011-05-12,6.334878694
2011-05-13,8.139034867
2011-05-14,7.007243829
2011-05-15,6.924924845
2011-05-16,7.885140745
2011-05-17,7.257199541
2011-05-18,6.763163362
2011-05-19,6.890143632
2011-05-20,5.618096219
2011-05-21,6.084800667
2011-05-22,6.71195604
2011-05-23,7.065256784
2011-05-24,7.402660582
2011-05-25,8.569289637
2011-05-26,8.782155434
2011-05-27,8.528658468
2011-05-28,8.34926912
2011-05-29,8.400953472
2011-05-30,8.779342465
2011-05-31,8.721576422
2011-06-01,9.623777232
2011-06-02,10.70276023
2011-06-03,14.26464677
2011-06-04,18.31273873
2011-06-05,16.5433424
2011-06-06,18.40209864
2011-06-07,23.23787846
2011-06-08,29.02992133
2011-06-09,28.79054402
2011-06-10,24.04939923
2011-06-11,14.74974663
2011-06-12,18.85014473
2011-06-13,19.54232911
2011-06-14,19.25773551
2011-06-15,19.46414262
2011-06-16,17.92936254
2011-06-17,15.43636891
2011-06-18,16.87540454
2011-06-19,17.51071679
2011-06-20,17.51071679
2011-06-21,17.51071679
2011-06-22,17.51071679
2011-06-23,17.51071679
2011-06-24,17.51071679
2011-06-25,17.51071679
2011-06-26,16.36134202
2011-06-27,16.75228581
2011-06-28,16.96183531
2011-06-29,16.85456832
2011-06-30,16.18526278
2011-07-01,15.4203574
2011-07-02,15.38284407
2011-07-03,15.45755056
2011-07-04,13.85279681
2011-07-05,12.96481771
2011-07-06,14.71478358
2011-07-07,14.79728916
2011-07-08,14.2990377
2011-07-09,14.38150067
2011-07-10,14.62293755
2011-07-11,14.31015543
2011-07-12,14.02127262
2011-07-13,13.97145452
2011-07-14,13.99797455
2011-07-15,13.80639041
2011-07-16,13.7130793
2011-07-17,13.25813531
2011-07-18,13.63052125
2011-07-19,13.82479484
2011-07-20,13.67833059
2011-07-21,13.61180844
2011-07-22,13.69854733
2011-07-23,13.68171834
2011-07-24,13.99251518
2011-07-25,14.03342538
2011-07-26,13.87803232
2011-07-27,13.87822476
2011-07-28,13.49159108
2011-07-29,13.51231639
2011-07-30,13.54028067
2011-07-31,13.3729061
2011-08-01,13.01911385
2011-08-02,12.21415644
2011-08-03,9.286356914
2011-08-04,10.76850375
2011-08-05,9.73015396
2011-08-06,6.964169736
2011-08-07,8.501793292
2011-08-08,7.775337638
2011-08-09,9.802499481
2011-08-10,10.05125313
2011-08-11,9.438412995
2011-08-12,9.452993285
2011-08-13,10.00402474
2011-08-14,10.80682077
2011-08-15,11.13069655
2011-08-16,10.99196557
2011-08-17,10.96396406
2011-08-18,10.85847146
2011-08-19,11.67047304
2011-08-20,11.45973174
2011-08-21,11.35448134
2011-08-22,10.92089582
2011-08-23,10.91724505
2011-08-24,10.87044429
2011-08-25,9.546093674
2011-08-26,8.126920163
2011-08-27,8.596497607
2011-08-28,9.0308664
2011-08-29,8.961157271
2011-08-30,8.809948738
2011-08-31,8.199151764
2011-09-01,8.234281665
2011-09-02,8.621424438
2011-09-03,8.449653441
2011-09-04,8.203470602
2011-09-05,7.597332525
2011-09-06,6.846530029
2011-09-07,7.162970274
2011-09-08,6.67818
2011-09-09,4.986777042
2011-09-10,4.742846655
2011-09-11,5.852903973
2011-09-12,6.090629472
2011-09-13,5.802523277
2011-09-14,5.59743261
2011-09-15,4.867755185
2011-09-16,4.831168101
2011-09-17,4.775285635
2011-09-18,5.236732278
2011-09-19,5.520376692
2011-09-20,6.146665552
2011-09-21,5.597067498
2011-09-22,5.475048777
2011-09-23,5.56342142
2011-09-24,5.457889687
2011-09-25,5.341154881
2011-09-26,4.873826081
2011-09-27,4.911157793
2011-09-28,4.763415321
2011-09-29,4.777660978
2011-09-30,5.14368591
2011-10-01,5.034070545
2011-10-02,5.007062597
2011-10-03,5.02284486
2011-10-04,4.956805621
2011-10-05,4.885067131
2011-10-06,4.730166296
2011-10-07,4.276035757
2011-10-08,3.981252994
2011-10-09,4.111634643
2011-10-10,4.074962484
2011-10-11,4.008924496
2011-10-12,4.166235342
2011-10-13,4.03698109
2011-10-14,3.986280885
2011-10-15,3.83733856
2011-10-16,3.609741717
2011-10-17,2.581246722
2011-10-18,2.422274738
2011-10-19,2.217254713
2011-10-20,2.356123508
2011-10-21,2.570092305
2011-10-22,3.155486139
2011-10-23,3.14775093
2011-10-24,2.522935998
2011-10-25,2.801923831
2011-10-26,2.777505239
2011-10-27,3.045407828
2011-10-28,3.179639437
2011-10-29,3.569188969
2011-10-30,3.257403723
2011-10-31,3.265098213
2011-11-01,3.171007743
2011-11-02,3.255800567
2011-11-03,3.168316385
2011-11-04,3.120118172
2011-11-05,2.977817598
2011-11-06,2.962720577
2011-11-07,3.017757687
2011-11-08,3.056567111
2011-11-09,2.919567224
2011-11-10,2.856702085
2011-11-11,3.067861733
2011-11-12,3.025522996
2011-11-13,2.986373303
2011-11-14,2.224224464
2011-11-15,2.322384116
2011-11-16,2.546780931
2011-11-17,2.279095836
2011-11-18,2.105066003
2011-11-19,2.203456722
2011-11-20,2.20198951
2011-11-21,2.279879165
2011-11-22,2.322458596
2011-11-23,2.330323568
2011-11-24,2.438879
2011-11-25,2.496161003
2011-11-26,2.471799969
2011-11-27,2.477564951
2011-11-28,2.541240252
2011-11-29,2.757698483
2011-11-30,2.966041546
2011-12-01,3.08258945
2011-12-02,3.100402333
2011-12-03,2.803856185
2011-12-04,2.819693976
2011-12-05,2.874796227
2011-12-06,3.025360451
2011-12-07,2.985502421
2011-12-08,2.991880483
2011-12-09,2.955791952
2011-12-10,3.068975267
2011-12-11,3.249268847
2011-12-12,3.187335357
2011-12-13,3.241088409
2011-12-14,3.155086504
2011-12-15,3.203138541
2011-12-16,3.209137777
2011-12-17,3.192541704
2011-12-18,3.194010809
2011-12-19,3.525773919
2011-12-20,3.952550827
2011-12-21,3.888993251
2011-12-22,3.903060421
2011-12-23,3.937965076
2011-12-24,3.939419119
2011-12-25,4.233866878
2011-12-26,3.999121964
2011-12-27,4.095518546
2011-12-28,4.207295876
2011-12-29,4.173352227
2011-12-30,4.31063509
2011-12-31,4.714306331
2012-01-01,5.294842777
2012-01-02,5.204877892
2012-01-03,4.870508829
2012-01-04,5.585706267
2012-01-05,6.874000877
2012-01-06,6.68331664
2012-01-07,6.796227981
2012-01-08,7.096650566
2012-01-09,6.288538342
2012-01-10,6.528474555
2012-01-11,6.889127721
2012-01-12,6.773564196
2012-01-13,6.45436889
2012-01-14,6.761727143
2012-01-15,7.046922558
2012-01-16,6.715607667
2012-01-17,5.59962195
2012-01-18,5.900231288
2012-01-19,6.315706342
2012-01-20,6.501491988
2012-01-21,6.180568326
2012-01-22,6.302967227
2012-01-23,6.374876077
2012-01-24,6.274476476
2012-01-25,5.810465072
2012-01-26,5.367226954
2012-01-27,5.303137197
2012-01-28,5.659796775
2012-01-29,5.391429457
2012-01-30,5.503481939
2012-01-31,5.538220296
2012-02-01,6.075232652
2012-02-02,6.099572913
2012-02-03,5.951610928
2012-02-04,5.895413239
2012-02-05,5.678115717
2012-02-06,5.482664058
2012-02-07,5.6620277
2012-02-08,5.61852819
2012-02-09,5.835699854
2012-02-10,5.937834155
2012-02-11,5.612132853
2012-02-12,5.519097169
2012-02-13,5.348354559
2012-02-14,4.483654092
2012-02-15,4.325520322
2012-02-16,4.255239045
2012-02-17,4.391538373
2012-02-18,4.270081278
2012-02-19,4.389551458
2012-02-20,4.365135939
2012-02-21,4.315115602
2012-02-22,4.419310288
2012-02-23,5.039515118
2012-02-24,5.025608759
2012-02-25,4.772567381
2012-02-26,4.926420852
2012-02-27,4.952515756
2012-02-28,4.857257776
2012-02-29,4.872748756
2012-03-01,4.922072124
2012-03-02,4.714823587
2012-03-03,4.628193252
2012-03-04,4.834144482
2012-03-05,4.982392904
2012-03-06,4.987841352
2012-03-07,4.949112885
2012-03-08,4.934979495
2012-03-09,4.872297847
2012-03-10,4.841423805
2012-03-11,4.892028752
2012-03-12,4.910839379
2012-03-13,5.290880279
2012-03-14,5.390543292
2012-03-15,5.340820899
2012-03-16,5.339574791
2012-03-17,5.236003554
2012-03-18,5.270148985
2012-03-19,4.678672553
2012-03-20,4.830830216
2012-03-21,4.817229525
2012-03-22,4.729608505
2012-03-23,4.691643177
2012-03-24,4.651986266
2012-03-25,4.552270262
2012-03-26,4.63272236
2012-03-27,4.811340735
2012-03-28,4.790589392
2012-03-29,4.794066572
2012-03-30,4.861409357
2012-03-31,4.889776873
2012-04-01,4.793325677
2012-04-02,4.983045479
2012-04-03,4.956233193
2012-04-04,4.917842178
2012-04-05,4.920849245
2012-04-06,4.949107432
2012-04-07,4.70971191
2012-04-08,4.778818849
2012-04-09,4.852547381
2012-04-10,4.841417594
2012-04-11,4.915250717
2012-04-12,4.901158147
2012-04-13,4.934406733
2012-04-14,4.956364661
2012-04-15,4.961600338
2012-04-16,4.950764569
2012-04-17,4.968744508
2012-04-18,5.124377443
2012-04-19,5.130906511
2012-04-20,5.366515968
2012-04-21,5.282550339
2012-04-22,5.195608995
2012-04-23,5.110888192
2012-04-24,5.087867262
2012-04-25,5.148816245
2012-04-26,5.097419286
2012-04-27,5.09588734
2012-04-28,4.970736653
2012-04-29,4.902606178
2012-04-30,4.94211681
2012-05-01,4.987137227
2012-05-02,5.053437354
2012-05-03,5.118872979
2012-05-04,5.085507088
2012-05-05,5.056639565
2012-05-06,5.047800773
2012-05-07,5.067555867
2012-05-08,5.023466423
2012-05-09,5.041306236
2012-05-10,4.92748872
2012-05-11,4.963709977
2012-05-12,4.946532235
2012-05-13,4.944795054
2012-05-14,5.011435922
2012-05-15,5.0336404
2012-05-16,5.087784509
2012-05-17,5.089661686
2012-05-18,5.118301483
2012-05-19,5.112545811
2012-05-20,5.094200968
2012-05-21,5.09422131
2012-05-22,5.089139189
2012-05-23,5.1288589
2012-05-24,5.119157759
2012-05-25,5.137276807
2012-05-26,5.103978805
2012-05-27,5.134616135
2012-05-28,5.136325419
2012-05-29,5.148470698
2012-05-30,5.138264569
2012-05-31,5.181639721
2012-06-01,5.266943758
2012-06-02,5.24363906
2012-06-03,5.212704985
2012-06-04,5.258765857
2012-06-05,5.426014295
2012-06-06,5.446169422
2012-06-07,5.58716981
2012-06-08,5.622529102
2012-06-09,5.557002335
2012-06-10,5.457893569
2012-06-11,5.586996982
2012-06-12,5.727491299
2012-06-13,5.909301324
2012-06-14,5.962023182
2012-06-15,6.523380719
2012-06-16,6.444158282
2012-06-17,6.199966488
2012-06-18,6.310844669
2012-06-19,6.494826716
2012-06-20,6.693551056
2012-06-21,6.672262504
2012-06-22,6.563761698
2012-06-23,6.447541689
2012-06-24,6.350494039
2012-06-25,6.31747363
2012-06-26,6.432860829
2012-06-27,6.615713402
2012-06-28,6.590064633
2012-06-29,6.658776757
2012-06-30,6.680427623
2012-07-01,6.626860092
2012-07-02,6.743478051
2012-07-03,6.449992403
2012-07-04,6.514835333
2012-07-05,6.642398604
2012-07-06,6.672181189
2012-07-07,6.808273712
2012-07-08,6.796317688
2012-07-09,7.032395886
2012-07-10,7.178580036
2012-07-11,7.185147789
2012-07-12,7.55593565
2012-07-13,7.630921256
2012-07-14,7.580129178
2012-07-15,7.62723486
2012-07-16,8.493405677
2012-07-17,8.751984855
2012-07-18,9.095192686
2012-07-19,8.879533414
2012-07-20,8.532450679
2012-07-21,8.875645841
2012-07-22,8.506562544
2012-07-23,8.531211269
2012-07-24,8.574585171
2012-07-25,8.769347273
2012-07-26,8.875765046
2012-07-27,8.891459894
2012-07-28,8.842560894
2012-07-29,8.747680659
2012-07-30,9.088317249
2012-07-31,9.320998402
2012-08-01,9.568020904
2012-08-02,10.5510397
2012-08-03,10.91586475
2012-08-04,10.91971488
2012-08-05,10.80511738
2012-08-06,10.8694465
2012-08-07,10.94127944
2012-08-08,11.0703916
2012-08-09,11.10372474
2012-08-10,11.4475688
2012-08-11,11.54253553
2012-08-12,11.59255239
2012-08-13,11.98496299
2012-08-14,12.18709748
2012-08-15,13.17007735
2012-08-16,13.45079082
2012-08-17,12.07700554
2012-08-18,11.57750716
2012-08-19,7.830621842
2012-08-20,9.979876649
2012-08-21,9.902982018
2012-08-22,9.772554579
2012-08-23,10.08865743
2012-08-24,10.59404259
2012-08-25,10.58367667
2012-08-26,10.54553074
2012-08-27,10.90038008
2012-08-28,10.93295853
2012-08-29,10.8677839
2012-08-30,10.72774884
2012-08-31,10.10240982
2012-09-01,10.00653294
2012-09-02,10.2261162
2012-09-03,10.49713431
2012-09-04,10.36400189
2012-09-05,11.02552288
2012-09-06,11.16076902
2012-09-07,11.07612234
2012-09-08,11.04327003
2012-09-09,11.06209549
2012-09-10,11.1252888
2012-09-11,11.26809296
2012-09-12,11.31528591
2012-09-13,11.38029929
2012-09-14,11.73010762
2012-09-15,11.71839342
2012-09-16,11.88691122
2012-09-17,11.90831716
2012-09-18,12.25965084
2012-09-19,12.5048541
2012-09-20,12.36717665
2012-09-21,12.33365784
2012-09-22,12.21372763
2012-09-23,12.16546303
2012-09-24,12.11358872
2012-09-25,12.18240539
2012-09-26,12.31981686
2012-09-27,12.3187514
2012-09-28,12.38145739
2012-09-29,12.40475151
2012-09-30,12.39162247
2012-10-01,12.38939516
2012-10-02,12.8072381
2012-10-03,12.95543049
2012-10-04,12.86238578
2012-10-05,12.75221942
2012-10-06,12.50512971
2012-10-07,11.87399709
2012-10-08,11.73332975
2012-10-09,11.82866344
2012-10-10,12.10918848
2012-10-11,12.06755181
2012-10-12,12.02806816
2012-10-13,11.92680383
2012-10-14,11.65057796
2012-10-15,11.90830953
2012-10-16,11.84801807
2012-10-17,11.91938816
2012-10-18,11.92593284
2012-10-19,11.7574858
2012-10-20,11.69437755
2012-10-21,11.65741141
2012-10-22,11.74107791
2012-10-23,11.70778173
2012-10-24,11.63435239
2012-10-25,10.75362982
2012-10-26,10.13061949
2012-10-27,10.4581863
2012-10-28,10.70996208
2012-10-29,10.63073898
2012-10-30,10.85932306
2012-10-31,11.14607184
2012-11-01,10.61353575
2012-11-02,10.53050364
2012-11-03,10.65074702
2012-11-04,10.79688289
2012-11-05,10.74082074
2012-11-06,10.8681975
2012-11-07,10.95409894
2012-11-08,10.89269937
2012-11-09,10.81586722
2012-11-10,10.86326044
2012-11-11,10.84184064
2012-11-12,11.03134246
2012-11-13,10.99800278
2012-11-14,10.95895242
2012-11-15,11.17510986
2012-11-16,11.70504483
2012-11-17,11.7500424
2012-11-18,11.66563103
2012-11-19,11.75052935
2012-11-20,11.69917032
2012-11-21,11.72913518
2012-11-22,12.29199795
2012-11-23,12.28028762
2012-11-24,12.4132044
2012-11-25,12.52968949
2012-11-26,12.18462624
2012-11-27,12.15927538
2012-11-28,12.33165983
2012-11-29,12.49766165
2012-11-30,12.58613893
2012-12-01,12.59238687
2012-12-02,12.49794476
2012-12-03,12.65695784
2012-12-04,13.36958958
2012-12-05,13.31275022
2012-12-06,13.47792454
2012-12-07,13.47728245
2012-12-08,13.49998441
2012-12-09,13.34651089
2012-12-10,13.49225658
2012-12-11,13.61541567
2012-12-12,13.66821364
2012-12-13,13.75525152
2012-12-14,13.60092225
2012-12-15,13.53094829
2012-12-16,13.33286108
2012-12-17,13.32007195
2012-12-18,13.27203387
2012-12-19,13.53854318
2012-12-20,13.57002703
2012-12-21,13.428968
2012-12-22,13.42721391
2012-12-23,13.31810576
2012-12-24,13.42666267
2012-12-25,13.365567
2012-12-26,13.45469902
2012-12-27,13.39930318
2012-12-28,13.45550722
2012-12-29,13.37400386
2012-12-30,13.4450138
2012-12-31,13.54555244
2013-01-01,13.33137142
2013-01-02,13.28060681
2013-01-03,13.38408115
2013-01-04,13.45172115
2013-01-05,13.45940677
2013-01-06,13.50449651
2013-01-07,13.55606166
2013-01-08,13.78035063
2013-01-09,13.82095526
2013-01-10,14.12317286
2013-01-11,14.22762112
2013-01-12,14.21428566
2013-01-13,14.16078827
2013-01-14,14.31797032
2013-01-15,14.31363775
2013-01-16,14.70781405
2013-01-17,15.59859974
2013-01-18,15.71579112
2013-01-19,15.5881264
2013-01-20,15.71959214
2013-01-21,16.78101952
2013-01-22,17.30017884
2013-01-23,17.53639542
2013-01-24,16.90108607
2013-01-25,17.40720203
2013-01-26,17.55362918
2013-01-27,17.86462801
2013-01-28,18.79426487
2013-01-29,19.51471419
2013-01-30,19.73744669
2013-01-31,20.51164303
2013-02-01,20.44309196
2013-02-02,19.63590171
2013-02-03,20.57893968
2013-02-04,20.44048796
2013-02-05,20.65934473
2013-02-06,21.20856553
2013-02-07,22.11776518
2013-02-08,22.78736505
2013-02-09,23.73386015
2013-02-10,23.90028936
2013-02-11,24.49727269
2013-02-12,24.97973641
2013-02-13,24.64165093
2013-02-14,27.28238982
2013-02-15,27.17126923
2013-02-16,27.34616356
2013-02-17,26.92725138
2013-02-18,26.92886764
2013-02-19,29.41362438
2013-02-20,29.81980723
2013-02-21,29.81806892
2013-02-22,30.47265653
2013-02-23,29.80645455
2013-02-24,29.88284849
2013-02-25,30.35203309
2013-02-26,31.15553735
2013-02-27,31.24026108
2013-02-28,33.37529394
2013-03-01,34.60625703
2013-03-02,34.14351592
2013-03-03,34.45174048
2013-03-04,36.37626525
2013-03-05,40.67295399
2013-03-06,43.28499619
2013-03-07,41.94744072
2013-03-08,43.90292891
2013-03-09,46.88858661
2013-03-10,46.06603846
2013-03-11,48.27507458
2013-03-12,44.41354526
2013-03-13,47.01619085
2013-03-14,46.92556255
2013-03-15,46.90251725
2013-03-16,47.1570157
2013-03-17,47.33349978
2013-03-18,51.36543639
2013-03-19,59.49860111
2013-03-20,63.6874855
2013-03-21,70.91752501
2013-03-22,69.84608454
2013-03-23,64.38311637
2013-03-24,71.69042421
2013-03-25,74.31408925
2013-03-26,78.61419743
2013-03-27,88.85207991
2013-03-28,87.67317396
2013-03-29,90.29569936
2013-03-30,92.18995999
2013-03-31,93.89923842
2013-04-01,103.5803469
2013-04-02,116.6799442
2013-04-03,131.3848094
2013-04-04,133.0071205
2013-04-05,142.6260655
2013-04-06,143.081823
2013-04-07,162.8522146
2013-04-08,186.3511618
2013-04-09,230.6829967
2013-04-10,161.1928897
2013-04-11,82.90158504
2013-04-12,111.4763732
2013-04-13,97.60907187
2013-04-14,88.8614914
2013-04-15,80.87469317
2013-04-16,68.28313873
2013-04-17,92.86403691
2013-04-18,108.6283451
2013-04-19,119.0122832
2013-04-20,128.2082889
2013-04-21,118.4832438
2013-04-22,126.3142718
2013-04-23,142.1272181
2013-04-24,154.1332778
2013-04-25,141.0086593
2013-04-26,137.2096004
2013-04-27,128.2266696
2013-04-28,134.6235696
2013-04-29,143.8103782
2013-04-30,139.1296475
2013-05-01,116.113801
2013-05-02,106.3409847
2013-05-03,96.31684027
2013-05-04,112.4976364
2013-05-05,116.4887158
2013-05-06,112.1185962
2013-05-07,111.6092129
2013-05-08,113.1360619
2013-05-09,111.9745327
2013-05-10,117.6910369
2013-05-11,115.4997777
2013-05-12,114.8856756
2013-05-13,117.4044566
2013-05-14,107.8655666
2013-05-15,108.9868524
2013-05-16,112.9178741
2013-05-17,117.284616
2013-05-18,118.1698767
2013-05-19,117.0338802
2013-05-20,117.8186365
2013-05-21,117.2520409
2013-05-22,118.9781736
2013-05-23,123.726156
2013-05-24,128.9710807
2013-05-25,128.8449153
2013-05-26,130.1586011
2013-05-27,126.3929059
2013-05-28,125.9045953
2013-05-29,129.5648124
2013-05-30,126.5130684
2013-05-31,127.8164889
2013-06-01,128.7911511
2013-06-02,122.6267089
2013-06-03,122.9491879
2013-06-04,120.1899687
2013-06-05,120.8699238
2013-06-06,119.0539757
2013-06-07,110.1977314
2013-06-08,109.1785453
2013-06-09,99.90360345
2013-06-10,104.3575666
2013-06-11,107.5075205
2013-06-12,106.3781163
2013-06-13,101.3238977
2013-06-14,99.2132443
2013-06-15,99.87503741
2013-06-16,99.03835126
2013-06-17,100.1263051
2013-06-18,104.2891764
2013-06-19,104.4171508
2013-06-20,104.3234997
2013-06-21,101.4168574
2013-06-22,100.0395085
2013-06-23,100.3147446
2013-06-24,99.04568323
2013-06-25,97.83278872
2013-06-26,98.65170076
2013-06-27,96.8039496
2013-06-28,89.42450672
2013-06-29,88.79729106
2013-06-30,89.48090766
2013-07-01,82.86757013
2013-07-02,87.81646669
2013-07-03,77.6913308
2013-07-04,79.13487084
2013-07-05,67.44762385
2013-07-06,66.34168089
2013-07-07,72.10952237
2013-07-08,73.98855377
2013-07-09,74.89191087
2013-07-10,85.01367914
2013-07-11,87.49754939
2013-07-12,90.04669871
2013-07-13,91.5925979
2013-07-14,89.89226928
2013-07-15,93.79615254
2013-07-16,91.78103565
2013-07-17,91.03135126
2013-07-18,84.96172912
2013-07-19,86.2387946
2013-07-20,84.91085915
2013-07-21,85.66435026
2013-07-22,85.64902864
2013-07-23,86.97705669
2013-07-24,88.15173057
2013-07-25,90.16609223
2013-07-26,89.98398597
2013-07-27,88.16527586
2013-07-28,92.7458422
2013-07-29,93.29869725
2013-07-30,96.65955289
2013-07-31,98.02441993
2013-08-01,96.56801783
2013-08-02,96.07453068
2013-08-03,95.50670953
2013-08-04,96.36548217
2013-08-05,97.52713384
2013-08-06,97.6712066
2013-08-07,97.0542069
2013-08-08,94.25727177
2013-08-09,92.47277674
2013-08-10,93.29355289
2013-08-11,94.27131239
2013-08-12,95.44647078
2013-08-13,97.75907508
2013-08-14,99.12128755
2013-08-15,98.10633314
2013-08-16,98.29096026
2013-08-17,99.63050438
2013-08-18,99.17803974
2013-08-19,102.7840123
2013-08-20,104.500211
2013-08-21,110.8016037
2013-08-22,109.5232168
2013-08-23,107.6975716
2013-08-24,108.882675
2013-08-25,113.0825634
2013-08-26,112.1181148
2013-08-27,117.7597908
2013-08-28,118.3174144
2013-08-29,118.8356382
2013-08-30,124.8853796
2013-08-31,128.377979
2013-09-01,130.536372
2013-09-02,129.5653717
2013-09-03,129.1828036
2013-09-04,122.5292387
2013-09-05,122.370085
2013-09-06,117.8611464
2013-09-07,119.8149895
2013-09-08,118.0573863
2013-09-09,121.2592726
2013-09-10,122.2155302
2013-09-11,127.0882271
2013-09-12,126.7807236
2013-09-13,127.4077452
2013-09-14,124.3484775
2013-09-15,125.0764179
2013-09-16,126.204666
2013-09-17,126.8972501
2013-09-18,126.9038194
2013-09-19,124.1809573
2013-09-20,122.9216359
2013-09-21,123.5082569
2013-09-22,123.1249351
2013-09-23,122.865699
2013-09-24,123.7973577
2013-09-25,123.6140786
2013-09-26,124.6856745
2013-09-27,126.6053477
2013-09-28,126.7965517
2013-09-29,127.1086277
2013-09-30,126.0902618
2013-10-01,127.5754243
2013-10-02,104.1050929
2013-10-03,117.575495
2013-10-04,121.9303477
2013-10-05,121.3934027
2013-10-06,122.4752613
2013-10-07,123.9068726
2013-10-08,124.7665289
2013-10-09,125.9335203
2013-10-10,126.7046505
2013-10-11,127.2552992
2013-10-12,127.851263
2013-10-13,132.4156587
2013-10-14,135.3391949
2013-10-15,141.4939085
2013-10-16,138.3279219
2013-10-17,143.7471338
2013-10-18,152.7755722
2013-10-19,165.7727171
2013-10-20,166.5001511
2013-10-21,179.9106286
2013-10-22,190.4027814
2013-10-23,204.600351
2013-10-24,194.4100438
2013-10-25,185.6437876
2013-10-26,179.808218
2013-10-27,194.5461333
2013-10-28,196.2746873
2013-10-29,204.4281742
2013-10-30,197.9005994
2013-10-31,203.2836499
2013-11-01,203.0371098
2013-11-02,204.7928814
2013-11-03,210.2753826
2013-11-04,228.7910389
2013-11-05,243.6416689
2013-11-06,263.209584
2013-11-07,290.1242262
2013-11-08,333.7506565
2013-11-09,331.0511485
2013-11-10,327.5586535
2013-11-11,342.6976929
2013-11-12,354.6454883
2013-11-13,394.5044952
2013-11-14,416.7063033
2013-11-15,408.3987973
2013-11-16,435.7984428
2013-11-17,485.3365769
2013-11-18,657.7785039
2013-11-19,546.8783973
2013-11-20,595.3390996
2013-11-21,720.7644253
2013-11-22,802.9169337
2013-11-23,834.29534
2013-11-24,807.1666955
2013-11-25,816.2433866
2013-11-26,916.0971601
2013-11-27,962.9105609
2013-11-28,1007.387164
2013-11-29,1128.725488
2013-11-30,1119.296715
2013-12-01,964.4857937
2013-12-02,1040.808218
2013-12-03,1053.621027
2013-12-04,1134.932231
2013-12-05,1027.411773
2013-12-06,824.5817103
2013-12-07,703.748376
2013-12-08,783.5733483
2013-12-09,896.0792899
2013-12-10,977.1653673
2013-12-11,875.4640343
2013-12-12,873.324806
2013-12-13,879.1561353
2013-12-14,852.8561205
2013-12-15,864.0616579
2013-12-16,677.8941068
2013-12-17,682.6267727
2013-12-18,526.1209763
2013-12-19,685.525129
2013-12-20,600.2169543
2013-12-21,597.0335025
2013-12-22,615.0130353
2013-12-23,657.9266342
2013-12-24,650.6647452
2013-12-25,678.2901581
2013-12-26,749.996595
2013-12-27,722.5705675
2013-12-28,715.8523631
2013-12-29,727.2712157
2013-12-30,735.7419971
2013-12-31,729.5575829
2014-01-01,752.4045499
2014-01-02,784.9549213
2014-01-03,807.222939
2014-01-04,828.6020626
2014-01-05,902.4873803
2014-01-06,914.4599608
2014-01-07,803.3517962
2014-01-08,820.6900095
2014-01-09,831.3347505
2014-01-10,853.2988548
2014-01-11,889.5558371
2014-01-12,845.1913322
2014-01-13,822.8770122
2014-01-14,815.2936027
2014-01-15,841.0898574
2014-01-16,815.8548003
2014-01-17,792.8295065
2014-01-18,809.7835284
2014-01-19,838.4284747
2014-01-20,828.8852166
2014-01-21,823.8179638
2014-01-22,818.9763863
2014-01-23,810.9224252
2014-01-24,781.042514
2014-01-25,804.4032408
2014-01-26,814.4993814
2014-01-27,742.701375
2014-01-28,790.1764019
2014-01-29,793.3844249
2014-01-30,799.4744798
2014-01-31,803.2375988
2014-02-01,813.2195492
2014-02-02,814.4908704
2014-02-03,806.9974284
2014-02-04,800.0782319
2014-02-05,784.4736928
2014-02-06,763.5693822
2014-02-07,711.5712734
2014-02-08,677.6823009
2014-02-09,687.4060546
2014-02-10,685.4574988
2014-02-11,671.8996917
2014-02-12,653.7657809
2014-02-13,612.918415
2014-02-14,668.7886027
2014-02-15,654.3770602
2014-02-16,623.2503219
2014-02-17,631.3345963
2014-02-18,627.2717614
2014-02-19,623.5401369
2014-02-20,563.7685611
2014-02-21,580.324316
2014-02-22,607.1246333
2014-02-23,610.0823237
2014-02-24,542.2666508
2014-02-25,533.7076444
2014-02-26,587.5785883
2014-02-27,585.3939257
2014-02-28,551.2947703
2014-03-01,567.5342354
2014-03-02,558.5277072
2014-03-03,676.5057328
2014-03-04,674.5113994
2014-03-05,670.3388511
2014-03-06,667.712834
2014-03-07,631.7702952
2014-03-08,621.5241145
2014-03-09,640.5788893
2014-03-10,628.1512412
2014-03-11,633.7338382
2014-03-12,634.6468237
2014-03-13,643.4321009
2014-03-14,628.30859
2014-03-15,636.2186501
2014-03-16,634.168901
2014-03-17,622.7602086
2014-03-18,614.3095137
2014-03-19,610.5112035
2014-03-20,586.6075957
2014-03-21,569.694518
2014-03-22,564.7000267
2014-03-23,558.9588617
2014-03-24,585.0232505
2014-03-25,583.7711891
2014-03-26,579.2438504
2014-03-27,483.1640126
2014-03-28,498.6613289
2014-03-29,489.5170235
2014-03-30,458.9663283
2014-03-31,455.3553541
2014-04-01,479.0084659
2014-04-02,439.0114925
2014-04-03,449.4411515
2014-04-04,449.7198697
2014-04-05,461.6753315
2014-04-06,458.6334805
2014-04-07,448.6552751
2014-04-08,452.8030988
2014-04-09,442.8379849
2014-04-10,366.9118661
2014-04-11,421.9435281
2014-04-12,424.2742126
2014-04-13,416.3623217
2014-04-14,461.1082466
2014-04-15,521.6152996
2014-04-16,531.4818467
2014-04-17,499.8375515
2014-04-18,483.0200135
2014-04-19,504.3655952
2014-04-20,501.5571844
2014-04-21,498.0845303
2014-04-22,489.50351
2014-04-23,490.6329675
2014-04-24,503.291801
2014-04-25,466.4261713
2014-04-26,459.2267098
2014-04-27,438.7093637
2014-04-28,441.5478055
2014-04-29,447.7099308
2014-04-30,448.8757155
2014-05-01,460.1946983
2014-05-02,452.2397798
2014-05-03,438.978588
2014-05-04,436.6753986
2014-05-05,432.338179
2014-05-06,430.1282054
2014-05-07,442.1828761
2014-05-08,440.4027627
2014-05-09,452.6979997
2014-05-10,456.7558463
2014-05-11,439.114476
2014-05-12,441.2809556
2014-05-13,439.005775
2014-05-14,444.8482057
2014-05-15,446.9615587
2014-05-16,448.7421537
2014-05-17,449.2222893
2014-05-18,446.9626414
2014-05-19,447.4048568
2014-05-20,490.3356482
2014-05-21,493.9334918
2014-05-22,526.8142884
2014-05-23,523.6993203
2014-05-24,527.6912431
2014-05-25,573.3124588
2014-05-26,584.8479749
2014-05-27,573.9282692
2014-05-28,579.1893188
2014-05-29,570.3493109
2014-05-30,620.8463606
2014-05-31,627.8924207
2014-06-01,630.0749535
2014-06-02,663.5057238
2014-06-03,672.3878971
2014-06-04,643.8873688
2014-06-05,661.5035582
2014-06-06,650.1333159
2014-06-07,656.8002718
2014-06-08,657.8199749
2014-06-09,648.3363223
2014-06-10,650.9366096
2014-06-11,631.4890222
2014-06-12,591.9750771
2014-06-13,597.0449997
2014-06-14,575.5594617
2014-06-15,589.7246464
2014-06-16,590.5674822
2014-06-17,609.0800029
2014-06-18,607.629796
2014-06-19,595.7514769
2014-06-20,591.5315228
2014-06-21,592.7643495
2014-06-22,599.6346335
2014-06-23,589.5522998
2014-06-24,579.9737186
2014-06-25,562.23678
2014-06-26,580.7492303
2014-06-27,600.6383054
2014-06-28,594.3903042
2014-06-29,600.8405184
2014-06-30,638.946114
2014-07-01,642.9565967
2014-07-02,651.2983477
2014-07-03,646.4133891
2014-07-04,630.6355029
2014-07-05,630.4683419
2014-07-06,634.6726745
2014-07-07,622.854979
2014-07-08,624.8943311
2014-07-09,621.9390918
2014-07-10,616.5228498
2014-07-11,634.4943781
2014-07-12,636.9239579
2014-07-13,629.8757504
2014-07-14,619.1974591
2014-07-15,621.9346014
2014-07-16,616.3518822
2014-07-17,624.259275
2014-07-18,630.7501403
2014-07-19,629.1733644
2014-07-20,625.2486762
2014-07-21,621.3053314
2014-07-22,619.8232645
2014-07-23,619.7728168
2014-07-24,602.8796455
2014-07-25,601.5785143
2014-07-26,594.7026072
2014-07-27,591.5754442
2014-07-28,587.493005
2014-07-29,584.1123933
2014-07-30,562.9146251
2014-07-31,581.975562
2014-08-01,596.5067592
2014-08-02,589.7572615
2014-08-03,586.7537367
2014-08-04,587.6083355
2014-08-05,581.8819886
2014-08-06,582.2483714
2014-08-07,586.0466335
2014-08-08,589.0244126
2014-08-09,588.9785213
2014-08-10,589.373502
2014-08-11,573.4414839
2014-08-12,568.3075202
2014-08-13,548.3701753
2014-08-14,505.1074997
2014-08-15,500.3230601
2014-08-16,521.7479629
2014-08-17,497.764659
2014-08-18,468.9579182
2014-08-19,486.7943507
2014-08-20,515.1203539
2014-08-21,519.3078521
2014-08-22,516.1593688
2014-08-23,497.1257595
2014-08-24,508.430742
2014-08-25,501.6102867
2014-08-26,511.8523217
2014-08-27,510.1623238
2014-08-28,506.2851517
2014-08-29,508.8665719
2014-08-30,501.2757233
2014-08-31,478.5114255
2014-09-01,474.5414898
2014-09-02,474.4306707
2014-09-03,473.9592034
2014-09-04,489.5552013
2014-09-05,478.7497829
2014-09-06,480.6424918
2014-09-07,478.3655009
2014-09-08,468.9754959
2014-09-09,473.5120272
2014-09-10,477.7784176
2014-09-11,477.2706821
2014-09-12,473.9972823
2014-09-13,477.960974
2014-09-14,475.648064
2014-09-15,472.6556297
2014-09-16,464.1777545
2014-09-17,456.3398913
2014-09-18,426.880107
2014-09-19,393.8938907
2014-09-20,411.0413428
2014-09-21,400.4045307
2014-09-22,400.8816222
2014-09-23,438.491801
2014-09-24,423.7000918
2014-09-25,409.5377499
2014-09-26,405.2982519
2014-09-27,400.5993346
2014-09-28,375.5499898
2014-09-29,373.0645579
2014-09-30,389.2640404
2014-10-01,382.9093659
2014-10-02,372.525699
2014-10-03,357.6657136
2014-10-04,328.8261131
2014-10-05,322.8262615
2014-10-06,326.8035327
2014-10-07,333.5701949
2014-10-08,354.4073343
2014-10-09,361.7164249
2014-10-10,358.8903908
2014-10-11,361.908377
2014-10-12,377.8712437
2014-10-13,391.9942089
2014-10-14,400.8805921
2014-10-15,394.6258799
2014-10-16,382.3214763
2014-10-17,382.2007896
2014-10-18,391.2931771
2014-10-19,388.684498
2014-10-20,381.1908586
2014-10-21,385.2046335
2014-10-22,380.7787633
2014-10-23,357.3447931
2014-10-24,357.488434
2014-10-25,345.8112466
2014-10-26,353.0819562
2014-10-27,350.0157119
2014-10-28,354.6538051
2014-10-29,333.5993501
2014-10-30,344.6093822
2014-10-31,337.1829126
2014-11-01,324.371315
2014-11-02,324.2485666
2014-11-03,325.3618656
2014-11-04,329.657704
2014-11-05,338.8057653
2014-11-06,349.6899117
2014-11-07,342.1332881
2014-11-08,345.7163326
2014-11-09,363.6100517
2014-11-10,365.5022539
2014-11-11,367.825467
2014-11-12,422.5914196
2014-11-13,421.9144717
2014-11-14,398.3888828
2014-11-15,377.9938407
2014-11-16,390.2058235
2014-11-17,387.5010316
2014-11-18,373.8645646
2014-11-19,377.613398
2014-11-20,356.1812653
2014-11-21,350.7488589
2014-11-22,352.4555146
2014-11-23,367.7732423
2014-11-24,376.9942238
2014-11-25,376.75563
2014-11-26,367.5302081
2014-11-27,369.5302274
2014-11-28,377.8969319
2014-11-29,376.0763355
2014-11-30,378.6903971
2014-12-01,379.111979
2014-12-02,382.9467963
2014-12-03,375.9160193
2014-12-04,368.8455681
2014-12-05,378.4283296
2014-12-06,375.1379512
2014-12-07,376.6397931
2014-12-08,363.2156768
2014-12-09,351.1068378
2014-12-10,347.8813939
2014-12-11,348.5930061
2014-12-12,353.1906125
2014-12-13,349.2429451
2014-12-14,356.0797215
2014-12-15,347.0951815
2014-12-16,328.6133203
2014-12-17,320.2976134
2014-12-18,313.5116512
2014-12-19,318.2428887
2014-12-20,330.0657583
2014-12-21,320.9926701
2014-12-22,331.8425845
2014-12-23,336.0841286
2014-12-24,323.0322978
2014-12-25,318.9961444
2014-12-26,329.2103419
2014-12-27,315.9684439
2014-12-28,317.0104804
2014-12-29,313.0655316
2014-12-30,310.4420041
2014-12-31,320.6622873
2015-01-01,314.7764719
2015-01-02,315.9427317
2015-01-03,285.6473098
2015-01-04,263.3345748
2015-01-05,275.0038515
2015-01-06,287.549521
2015-01-07,297.5355652
2015-01-08,284.3423919
2015-01-09,292.5011146
2015-01-10,276.2305321
2015-01-11,268.7555155
2015-01-12,268.617232
2015-01-13,224.1081178
2015-01-14,175.6376406
2015-01-15,212.3410114
2015-01-16,207.5952049
2015-01-17,199.8248366
2015-01-18,211.1325184
2015-01-19,216.8946949
2015-01-20,211.9198539
2015-01-21,227.9042104
2015-01-22,233.6473828
2015-01-23,233.1328524
2015-01-24,249.0821239
2015-01-25,254.5179413
2015-01-26,273.9522449
2015-01-27,264.7538045
2015-01-28,235.7358404
2015-01-29,233.9573735
2015-01-30,228.8961899
2015-01-31,217.332156
2015-02-01,227.1113013
2015-02-02,240.0924199
2015-02-03,227.7756958
2015-02-04,226.7811341
2015-02-05,217.0111511
2015-02-06,222.7249693
2015-02-07,228.6471274
2015-02-08,224.0359889
2015-02-09,220.7684939
2015-02-10,220.8881543
2015-02-11,219.4958597
2015-02-12,222.5832279
2015-02-13,236.5553638
2015-02-14,257.6276958
2015-02-15,234.445803
2015-02-16,235.0861268
2015-02-17,243.9057943
2015-02-18,235.9952323
2015-02-19,241.8722539
2015-02-20,245.5307753
2015-02-21,245.5960026
2015-02-22,236.6906683
2015-02-23,239.0660178
2015-02-24,239.8692621
2015-02-25,238.236111
2015-02-26,237.0444024
2015-02-27,255.1167744
2015-02-28,254.9484486
2015-03-01,260.6513308
2015-03-02,276.3226137
2015-03-03,282.7059009
2015-03-04,273.4475365
2015-03-05,276.2688092
2015-03-06,273.3181148
2015-03-07,276.4033574
2015-03-08,275.3380339
2015-03-09,290.130059
2015-03-10,292.3203831
2015-03-11,296.6933293
2015-03-12,295.8003448
2015-03-13,285.9110263
2015-03-14,283.6083063
2015-03-15,287.270142
2015-03-16,291.3921181
2015-03-17,285.2483966
2015-03-18,257.2861601
2015-03-19,262.092948
2015-03-20,262.9664921
2015-03-21,261.1842975
2015-03-22,268.8994158
2015-03-23,266.777993
2015-03-24,246.835083
2015-03-25,246.7191368
2015-03-26,249.5329936
2015-03-27,247.3788983
2015-03-28,253.231614
2015-03-29,242.9676143
2015-03-30,248.3369345
2015-03-31,244.7124857
2015-04-01,247.1858194
2015-04-02,253.6300704
2015-04-03,254.8331636
2015-04-04,253.9458486
2015-04-05,261.1121362
2015-04-06,256.3673869
2015-04-07,254.831898
2015-04-08,245.8252104
2015-04-09,243.8606362
2015-04-10,235.8719006
2015-04-11,237.4090678
2015-04-12,237.1410424
2015-04-13,225.5056359
2015-04-14,219.7572367
2015-04-15,223.3139079
2015-04-16,228.4938153
2015-04-17,222.7850602
2015-04-18,223.3980441
2015-04-19,223.2841353
2015-04-20,224.8949036
2015-04-21,234.9393565
2015-04-22,233.8224188
2015-04-23,235.9332937
2015-04-24,231.4585923
2015-04-25,226.445993
2015-04-26,220.5034068
2015-04-27,227.3259904
2015-04-28,225.5493688
2015-04-29,225.6692884
2015-04-30,236.327976
2015-05-01,232.7465827
2015-05-02,235.5400771
2015-05-03,240.464249
2015-05-04,238.9766613
2015-05-05,236.0233834
2015-05-06,229.4812193
2015-05-07,237.1306873
2015-05-08,244.3834728
2015-05-09,242.70595
2015-05-10,240.7314839
2015-05-11,242.2498372
2015-05-12,242.2090921
2015-05-13,236.5502659
2015-05-14,236.9489167
2015-05-15,237.4845023
2015-05-16,235.8121344
2015-05-17,236.9636829
2015-05-18,232.8838496
2015-05-19,231.9744468
2015-05-20,234.1903063
2015-05-21,235.5538217
2015-05-22,240.3232037
2015-05-23,238.9632817
2015-05-24,240.7117583
2015-05-25,237.0035432
2015-05-26,236.7962613
2015-05-27,237.2035964
2015-05-28,236.9568819
2015-05-29,236.6465266
2015-05-30,232.78877
2015-05-31,229.4505479
2015-06-01,223.2827019
2015-06-02,225.320801
2015-06-03,225.2130634
2015-06-04,223.5400769
2015-06-05,224.7310719
2015-06-06,225.1605132
2015-06-07,223.4116859
2015-06-08,228.7742914
2015-06-09,229.3705295
2015-06-10,228.5884874
2015-06-11,229.5844117
2015-06-12,229.8112185
2015-06-13,233.0153445
2015-06-14,232.5071087
2015-06-15,236.7909629
2015-06-16,251.4326768
2015-06-17,247.9693177
2015-06-18,249.0124795
2015-06-19,244.8034842
2015-06-20,245.5825132
2015-06-21,244.3002601
2015-06-22,247.0178925
2015-06-23,244.1847633
2015-06-24,240.4515453
2015-06-25,242.3478577
2015-06-26,242.9679974
2015-06-27,251.5293267
2015-06-28,249.0582858
2015-06-29,256.6502224
2015-06-30,263.8543569
2015-07-01,258.0426476
2015-07-02,254.7471134
2015-07-03,256.0870428
2015-07-04,260.5092396
2015-07-05,271.3024582
2015-07-06,269.1379401
2015-07-07,266.4699191
2015-07-08,270.5761429
2015-07-09,269.6803048
2015-07-10,285.5587808
2015-07-11,293.9174538
2015-07-12,311.4818799
2015-07-13,292.6492238
2015-07-14,287.7409515
2015-07-15,285.9228854
2015-07-16,278.5327493
2015-07-17,280.0647247
2015-07-18,277.3546353
2015-07-19,275.2819895
2015-07-20,279.114393
2015-07-21,276.6524126
2015-07-22,277.7643691
2015-07-23,276.8116286
2015-07-24,289.3059763
2015-07-25,289.50764
2015-07-26,293.3148428
2015-07-27,294.4267618
2015-07-28,295.4101253
2015-07-29,289.8558364
2015-07-30,288.2362607
2015-07-31,284.5973244
2015-08-01,281.6688463
2015-08-02,282.4230064
2015-08-03,282.1850523
2015-08-04,285.2866175
2015-08-05,282.3388869
2015-08-06,278.9957487
2015-08-07,279.4887151
2015-08-08,261.4502756
2015-08-09,266.3420205
2015-08-10,264.9288252
2015-08-11,271.4217361
2015-08-12,268.1438685
2015-08-13,264.691628
2015-08-14,266.3559416
2015-08-15,261.9368366
2015-08-16,258.9308174
2015-08-17,258.0093983
2015-08-18,217.8858831
2015-08-19,227.2182519
2015-08-20,235.5238831
2015-08-21,232.8006178
2015-08-22,230.6391733
2015-08-23,228.6730739
2015-08-24,211.9559176
2015-08-25,222.6550395
2015-08-26,226.1167002
2015-08-27,224.9398773
2015-08-28,232.1708083
2015-08-29,229.8262002
2015-08-30,229.0195725
2015-08-31,230.6894661
2015-09-01,227.9555704
2015-09-02,229.5021807
2015-09-03,227.1071216
2015-09-04,231.1775634
2015-09-05,235.9030061
2015-09-06,240.8054722
2015-09-07,240.6336157
2015-09-08,244.1749527
2015-09-09,238.7224632
2015-09-10,238.7504772
2015-09-11,240.8450081
2015-09-12,236.3518322
2015-09-13,230.5488373
2015-09-14,230.948794
2015-09-15,230.39859
2015-09-16,229.0432858
2015-09-17,233.2026978
2015-09-18,233.1751309
2015-09-19,232.2415681
2015-09-20,231.3623238
2015-09-21,226.773448
2015-09-22,230.6263048
2015-09-23,230.1324378
2015-09-24,234.3198685
2015-09-25,235.5382218
2015-09-26,234.5918144
2015-09-27,233.2433098
2015-09-28,240.0172653
2015-09-29,237.3362338
2015-09-30,236.739848
2015-10-01,238.2298139
2015-10-02,237.9370073
2015-10-03,239.7358977
2015-10-04,239.5169249
2015-10-05,240.9612138
2015-10-06,246.9404982
2015-10-07,243.7344868
2015-10-08,243.029633
2015-10-09,244.4488875
2015-10-10,245.9559243
2015-10-11,248.5281654
2015-10-12,246.0936373
2015-10-13,250.4713007
2015-10-14,253.1423255
2015-10-15,254.693015
2015-10-16,262.7373632
2015-10-17,271.9309389
2015-10-18,263.4816774
2015-10-19,264.3627282
2015-10-20,270.8322119
2015-10-21,268.0402177
2015-10-22,275.4149565
2015-10-23,278.612778
2015-10-24,283.6111429
2015-10-25,286.0496935
2015-10-26,286.7033828
2015-10-27,295.5629138
2015-10-28,304.442097
2015-10-29,314.8794623
2015-10-30,328.4923212
2015-10-31,314.1195082
2015-11-01,329.8542276
2015-11-02,364.616628
2015-11-03,400.9231052
2015-11-04,405.4816815
2015-11-05,384.341223
2015-11-06,372.9754179
2015-11-07,386.5045508
2015-11-08,372.4001297
2015-11-09,380.4956444
2015-11-10,337.8305023
2015-11-11,308.9221859
2015-11-12,337.5229886
2015-11-13,337.2789582
2015-11-14,333.0471175
2015-11-15,319.9280216
2015-11-16,331.132725
2015-11-17,335.8497861
2015-11-18,335.744505
2015-11-19,326.2321455
2015-11-20,321.9404755
2015-11-21,325.9052312
2015-11-22,323.7169661
2015-11-23,323.0125563
2015-11-24,319.9613565
2015-11-25,328.9604573
2015-11-26,356.2552925
2015-11-27,359.2688244
2015-11-28,356.5673226
2015-11-29,371.7076125
2015-11-30,377.3898399
2015-12-01,362.5323758
2015-12-02,359.2224041
2015-12-03,361.2100681
2015-12-04,363.2416318
2015-12-05,389.3629588
2015-12-06,393.3191297
2015-12-07,395.3465883
2015-12-08,413.7986604
2015-12-09,417.6326712
2015-12-10,415.7299243
2015-12-11,453.8614801
2015-12-12,435.8557224
2015-12-13,434.4034664
2015-12-14,442.9916897
2015-12-15,464.6178717
2015-12-16,454.1424924
2015-12-17,456.2401346
2015-12-18,463.1757697
2015-12-19,461.3999079
2015-12-20,442.1539901
2015-12-21,437.6401295
2015-12-22,435.268379
2015-12-23,442.6657271
2015-12-24,455.878713
2015-12-25,455.7188258
2015-12-26,418.2215316
2015-12-27,422.7058945
2015-12-28,421.0528796
2015-12-29,431.3400213
2015-12-30,426.043647
2015-12-31,429.6771534
2016-01-01,434.6780064
2016-01-02,434.4398773
2016-01-03,430.13618
2016-01-04,433.4489711
2016-01-05,432.6695026
2016-01-06,430.6778697
2016-01-07,459.2089401
2016-01-08,454.1344237
2016-01-09,449.8452162
2016-01-10,448.5802162
2016-01-11,449.033059
2016-01-12,441.7681572
2016-01-13,432.3106452
2016-01-14,429.8232247
2016-01-15,367.8231999
2016-01-16,388.0712046
2016-01-17,382.4820865
2016-01-18,384.8651666
2016-01-19,378.161725
2016-01-20,420.6229242
2016-01-21,409.2984597
2016-01-22,381.0464594
2016-01-23,386.3706026
2016-01-24,403.4469267
2016-01-25,391.9860973
2016-01-26,391.1429351
2016-01-27,394.6275304
2016-01-28,378.9009956
2016-01-29,378.9999948
2016-01-30,377.2627791
2016-01-31,366.3416876
2016-02-01,371.2234351
2016-02-02,372.9276312
2016-02-03,368.0982066
2016-02-04,389.7230812
2016-02-05,384.398414
2016-02-06,374.6315555
2016-02-07,375.1539176
2016-02-08,370.8143503
2016-02-09,373.5116129
2016-02-10,379.0826116
2016-02-11,377.6391651
2016-02-12,382.2944565
2016-02-13,389.5984325
2016-02-14,406.1506695
2016-02-15,399.2676186
2016-02-16,407.0353095
2016-02-17,415.3241134
2016-02-18,421.289663
2016-02-19,419.6265285
2016-02-20,440.1957601
2016-02-21,438.7186127
2016-02-22,437.5352951
2016-02-23,420.0325926
2016-02-24,423.9951125
2016-02-25,424.0908703
2016-02-26,431.762242
2016-02-27,432.947846
2016-02-28,433.1022627
2016-02-29,437.7758726
2016-03-01,432.8078672
2016-03-02,423.0797894
2016-03-03,419.2688213
2016-03-04,407.9901543
2016-03-05,397.3144539
2016-03-06,403.7051875
2016-03-07,413.2293662
2016-03-08,411.4259532
2016-03-09,412.5407035
2016-03-10,416.3409287
2016-03-11,419.5119342
2016-03-12,410.2641633
2016-03-13,411.8058825
2016-03-14,415.0269573
2016-03-15,415.2664003
2016-03-16,417.0241185
2016-03-17,418.6053638
2016-03-18,408.9015874
2016-03-19,409.1244299
2016-03-20,412.0569538
2016-03-21,411.6017741
2016-03-22,416.5816538
2016-03-23,417.3782995
2016-03-24,413.5602399
2016-03-25,416.3732438
2016-03-26,416.8230967
2016-03-27,425.4549598
2016-03-28,422.9174468
2016-03-29,415.8638288
2016-03-30,412.7776978
2016-03-31,415.9568112
2016-04-01,417.2006603
2016-04-02,419.7630567
2016-04-03,420.0735789
2016-04-04,419.5407279
2016-04-05,422.5013644
2016-04-06,421.9071912
2016-04-07,421.46722
2016-04-08,418.6434605
2016-04-09,418.7586354
2016-04-10,421.9544885
2016-04-11,423.273044
2016-04-12,427.4276646
2016-04-13,424.8725181
2016-04-14,425.856595
2016-04-15,430.7244188
2016-04-16,432.216313
2016-04-17,429.3399687
2016-04-18,429.6569337
2016-04-19,437.5687262
2016-04-20,442.6616533
2016-04-21,452.1647028
2016-04-22,448.1344213
2016-04-23,453.914723
2016-04-24,463.3828714
2016-04-25,465.3160067
2016-04-26,469.6087645
2016-04-27,445.7411131
2016-04-28,451.0600618
2016-04-29,457.0099652
2016-04-30,449.9004845
2016-05-01,455.0107312
2016-05-02,444.9330612
2016-05-03,451.6288504
2016-05-04,448.3679676
2016-05-05,449.3360725
2016-05-06,461.6938624
2016-05-07,461.3618425
2016-05-08,461.3788723
2016-05-09,463.4622317
2016-05-10,451.0796683
2016-05-11,453.8963053
2016-05-12,455.6072559
2016-05-13,457.2419027
2016-05-14,458.1195248
2016-05-15,460.8577206
2016-05-16,455.2240773
2016-05-17,453.545777
2016-05-18,454.4861841
2016-05-19,437.7241871
2016-05-20,442.3967992
2016-05-21,444.0782072
2016-05-22,440.5586688
2016-05-23,444.2050573
2016-05-24,445.6744549
2016-05-25,450.5495272
2016-05-26,454.4337224
2016-05-27,471.8201173
2016-05-28,530.9105979
2016-05-29,527.5497124
2016-05-30,533.493149
2016-05-31,530.9436928
2016-06-01,537.6136788
2016-06-02,538.7712432
2016-06-03,570.1759883
2016-06-04,574.2662016
2016-06-05,575.137638
2016-06-06,585.857149
2016-06-07,578.4692407
2016-06-08,583.0975853
2016-06-09,577.1016997
2016-06-10,579.8149936
2016-06-11,605.449557
2016-06-12,670.3923743
2016-06-13,704.3217781
2016-06-14,684.9483194
2016-06-15,695.0014684
2016-06-16,767.4200313
2016-06-17,750.0146339
2016-06-18,758.2887801
2016-06-19,766.7671327
2016-06-20,722.4974524
2016-06-21,669.6042047
2016-06-22,594.8329746
2016-06-23,627.6778556
2016-06-24,664.1269857
2016-06-25,668.8726841
2016-06-26,630.4342421
2016-06-27,652.2448077
2016-06-28,647.2187684
2016-06-29,638.5863456
2016-06-30,674.2848147
2016-07-01,677.5123857
2016-07-02,702.7393168
2016-07-03,662.5500859
2016-07-04,679.8424534
2016-07-05,668.1659813
2016-07-06,677.6513331
2016-07-07,640.0532361
2016-07-08,665.0517084
2016-07-09,651.941914
2016-07-10,649.959341
2016-07-11,650.2725947
2016-07-12,670.023128
2016-07-13,658.3336134
2016-07-14,660.9059602
2016-07-15,666.7586711
2016-07-16,665.2756222
2016-07-17,681.089602
2016-07-18,675.1185792
2016-07-19,674.6603603
2016-07-20,667.3053649
2016-07-21,666.8517393
2016-07-22,650.5629116
2016-07-23,657.377943
2016-07-24,661.3939798
2016-07-25,655.1195778
2016-07-26,654.6263392
2016-07-27,656.2751469
2016-07-28,656.1964534
2016-07-29,657.5575675
2016-07-30,655.3617302
2016-07-31,624.8044871
2016-08-01,606.5092479
2016-08-02,526.9811483
2016-08-03,570.3470409
2016-08-04,583.542158
2016-08-05,581.2798057
2016-08-06,590.795403
2016-08-07,594.732324
2016-08-08,591.6292839
2016-08-09,587.9321382
2016-08-10,589.9687583
2016-08-11,589.5858847
2016-08-12,587.1916496
2016-08-13,585.3635816
2016-08-14,571.3870625
2016-08-15,566.5644413
2016-08-16,578.4149241
2016-08-17,573.6637444
2016-08-18,573.263192
2016-08-19,573.9584579
2016-08-20,581.7970701
2016-08-21,580.7921926
2016-08-22,584.9718977
2016-08-23,582.6277474
2016-08-24,578.7018317
2016-08-25,576.0334366
2016-08-26,578.8746534
2016-08-27,570.2009937
2016-08-28,575.1052326
2016-08-29,573.4292676
2016-08-30,575.6956984
2016-08-31,572.2727583
2016-09-01,572.221702
2016-09-02,576.8467674
2016-09-03,600.3744068
2016-09-04,610.5389133
2016-09-05,607.5269642
2016-09-06,612.9954583
2016-09-07,615.6598191
2016-09-08,630.550172
2016-09-09,622.977884
2016-09-10,624.7526404
2016-09-11,608.2466759
2016-09-12,607.7073727
2016-09-13,608.6942963
2016-09-14,609.4130877
2016-09-15,607.0702626
2016-09-16,607.806438
2016-09-17,607.3814497
2016-09-18,611.5334603
2016-09-19,608.8713063
2016-09-20,608.3717486
2016-09-21,596.9457566
2016-09-22,595.5647165
2016-09-23,602.3787849
2016-09-24,602.6873597
2016-09-25,600.6100549
2016-09-26,606.7788106
2016-09-27,605.1516137
2016-09-28,604.6864944
2016-09-29,605.202562
2016-09-30,608.8658407
2016-10-01,615.4084788
2016-10-02,611.7485783
2016-10-03,612.5903474
2016-10-04,610.0078814
2016-10-05,612.1477809
2016-10-06,611.7608628
2016-10-07,617.9057051
2016-10-08,619.3010018
2016-10-09,617.1010413
2016-10-10,618.0852
2016-10-11,642.9813873
2016-10-12,636.5979322
2016-10-13,635.4440953
2016-10-14,639.5860903
2016-10-15,637.2837593
2016-10-16,642.9130425
2016-10-17,639.1375365
2016-10-18,635.5765086
2016-10-19,629.640708
2016-10-20,628.5989011
2016-10-21,630.9062034
2016-10-22,654.508631
2016-10-23,651.9619568
2016-10-24,650.0271672
2016-10-25,655.7925051
2016-10-26,675.1098693
2016-10-27,686.5233271
2016-10-28,690.3906549
2016-10-29,715.4454693
2016-10-30,699.333411
2016-10-31,698.897728
2016-11-01,730.57848
2016-11-02,740.3670555
2016-11-03,689.939207
2016-11-04,705.4320167
2016-11-05,706.8193256
2016-11-06,715.8968798
2016-11-07,706.1812168
2016-11-08,711.8358466
2016-11-09,721.5015099
2016-11-10,713.4076156
2016-11-11,715.7033106
2016-11-12,703.8475511
2016-11-13,703.6264353
2016-11-14,705.6435842
2016-11-15,712.3471528
2016-11-16,742.0501176
2016-11-17,735.3180805
2016-11-18,749.5787273
2016-11-19,751.2138194
2016-11-20,730.3508136
2016-11-21,736.5069839
2016-11-22,747.997678
2016-11-23,741.2403179
2016-11-24,737.354976
2016-11-25,739.6852002
2016-11-26,734.6529259
2016-11-27,727.7411158
2016-11-28,730.0824838
2016-11-29,731.6464357
2016-11-30,742.2044513
2016-12-01,753.6749101
2016-12-02,772.3023827
2016-12-03,766.1104681
2016-12-04,766.3801391
2016-12-05,752.6707262
2016-12-06,759.1173258
2016-12-07,764.9876501
2016-12-08,767.6592246
2016-12-09,771.9023211
2016-12-10,775.4745613
2016-12-11,770.4961505
2016-12-12,778.5065991
2016-12-13,778.9306946
2016-12-14,776.9639615
2016-12-15,776.176782
2016-12-16,782.2302159
2016-12-17,789.6029322
2016-12-18,790.6329665
2016-12-19,790.2790317
2016-12-20,799.7775207
2016-12-21,828.4836793
2016-12-22,858.501434
2016-12-23,915.5624383
2016-12-24,891.1552721
2016-12-25,896.0032793
2016-12-26,903.2012466
2016-12-27,925.9508105
2016-12-28,979.960974
2016-12-29,973.4625594
2016-12-30,961.1826582
2016-12-31,968.970597
2017-01-01,997.257358
2017-01-02,1017.077886
2017-01-03,1032.609053
2017-01-04,1134.496445
2017-01-05,1000.498129
2017-01-06,892.4639556
2017-01-07,903.4532836
2017-01-08,912.4849971
2017-01-09,903.5086668
2017-01-10,906.4989474
2017-01-11,788.314656
2017-01-12,807.1098335
2017-01-13,826.7469274
2017-01-14,820.0451573
2017-01-15,824.5470652
2017-01-16,830.8380351
2017-01-17,906.0268281
2017-01-18,881.2598154
2017-01-19,902.26387
2017-01-20,895.1745162
2017-01-21,924.4682595
2017-01-22,922.4670774
2017-01-23,919.1157441
2017-01-24,887.7431938
2017-01-25,895.6900333
2017-01-26,916.6674686
2017-01-27,920.4544635
2017-01-28,922.7749486
2017-01-29,915.6320231
2017-01-30,920.3132608
2017-01-31,968.4991057
2017-02-01,987.5325904
2017-02-02,1007.704366
2017-02-03,1015.302039
2017-02-04,1033.785973
2017-02-05,1014.567876
2017-02-06,1023.317481
2017-02-07,1053.624459
2017-02-08,1052.367645
2017-02-09,982.7519395
2017-02-10,996.6501531
2017-02-11,1011.375322
2017-02-12,1006.296465
2017-02-13,999.953185
2017-02-14,1012.213464
2017-02-15,1013.903841
2017-02-16,1036.806865
2017-02-17,1058.66992
2017-02-18,1060.668805
2017-02-19,1058.7864
2017-02-20,1088.688429
2017-02-21,1128.855293
2017-02-22,1129.701791
2017-02-23,1188.861786
2017-02-24,1185.488892
2017-02-25,1151.604737
2017-02-26,1181.710866
2017-02-27,1194.15245
2017-02-28,1188.399941
2017-03-01,1228.459651
2017-03-02,1262.931467
2017-03-03,1289.363191
2017-03-04,1268.940664
2017-03-05,1276.273683
2017-03-06,1282.254657
2017-03-07,1234.476462
2017-03-08,1152.139389
2017-03-09,1193.455527
2017-03-10,1098.530149
2017-03-11,1176.822921
2017-03-12,1231.748357
2017-03-13,1239.396296
2017-03-14,1246.536565
2017-03-15,1258.651381
2017-03-16,1178.02075
2017-03-17,1072.082538
2017-03-18,962.5690562
2017-03-19,1020.220254
2017-03-20,1037.756346
2017-03-21,1111.818264
2017-03-22,1037.30257
2017-03-23,1028.172856
2017-03-24,935.0634962
2017-03-25,968.5433293
2017-03-26,962.9580546
2017-03-27,1042.919198
2017-03-28,1045.162932
2017-03-29,1039.688616
2017-03-30,1037.987661
2017-03-31,1081.743531
2017-04-01,1089.524772
2017-04-02,1105.562956
2017-04-03,1144.664771
2017-04-04,1141.921919
2017-04-05,1135.811644
2017-04-06,1194.596459
2017-04-07,1191.731451
2017-04-08,1184.41772
2017-04-09,1213.63414
2017-04-10,1211.649876
2017-04-11,1229.784933
2017-04-12,1216.114368
2017-04-13,1172.55834
2017-04-14,1174.333234
2017-04-15,1175.562189
2017-04-16,1173.69138
2017-04-17,1191.901201
2017-04-18,1202.131458
2017-04-19,1209.560909
2017-04-20,1235.803075
2017-04-21,1247.33607
2017-04-22,1243.550393
2017-04-23,1250.001483
2017-04-24,1257.239442
2017-04-25,1279.864717
2017-04-26,1296.485457
2017-04-27,1345.889956
2017-04-28,1347.985156
2017-04-29,1357.715253
2017-04-30,1381.956372
2017-05-01,1436.941488
2017-05-02,1463.819068
2017-05-03,1519.408944
2017-05-04,1539.830052
2017-05-05,1529.850443
2017-05-06,1573.28551
2017-05-07,1526.267772
2017-05-08,1685.086496
2017-05-09,1719.228014
2017-05-10,1782.499
2017-05-11,1835.487548
2017-05-12,1704.661641
2017-05-13,1779.840257
2017-05-14,1794.593551
2017-05-15,1736.882846
2017-05-16,1757.026949
2017-05-17,1808.746065
2017-05-18,1894.247265
2017-05-19,1967.545548
2017-05-20,2048.117678
2017-05-21,2045.222493
2017-05-22,2078.9435
2017-05-23,2257.288364
2017-05-24,2415.007227
2017-05-25,2319.601379
2017-05-26,2279.418584
2017-05-27,2044.3005
2017-05-28,2225.700867
2017-05-29,2284.715797
2017-05-30,2167.264478
2017-05-31,2299.43261
2017-06-01,2399.887632
2017-06-02,2479.423894
2017-06-03,2549.551952
2017-06-04,2524.993834
2017-06-05,2685.318917
2017-06-06,2871.341677
2017-06-07,2706.760009
2017-06-08,2802.563547
2017-06-09,2804.872267
2017-06-10,2916.32786
2017-06-11,2974.214559
2017-06-12,2665.43327
2017-06-13,2707.137824
2017-06-14,2443.824451
2017-06-15,2409.886764
2017-06-16,2476.359095
2017-06-17,2652.755363
2017-06-18,2508.214207
2017-06-19,2589.642213
2017-06-20,2733.226556
2017-06-21,2639.261314
2017-06-22,2686.647514
2017-06-23,2685.870471
2017-06-24,2562.189149
2017-06-25,2497.728941
2017-06-26,2426.365051
2017-06-27,2530.345536
2017-06-28,2562.792264
2017-06-29,2540.443032
2017-06-30,2452.712064
2017-07-01,2412.366213
2017-07-02,2518.872187
2017-07-03,2551.927432
2017-07-04,2599.74475
2017-07-05,2608.104891
2017-07-06,2603.195474
2017-07-07,2495.780922
2017-07-08,2553.494158
2017-07-09,2506.173214
2017-07-10,2319.366897
2017-07-11,2319.167441
2017-07-12,2374.886266
2017-07-13,2343.738348
2017-07-14,2214.825237
2017-07-15,1989.63319
2017-07-16,1910.749542
2017-07-17,2215.746296
2017-07-18,2303.761146
2017-07-19,2257.065236
2017-07-20,2823.897926
2017-07-21,2666.139718
2017-07-22,2829.754055
2017-07-23,2753.243865
2017-07-24,2755.159524
2017-07-25,2558.692999
2017-07-26,2522.324646
2017-07-27,2665.147546
2017-07-28,2793.833485
2017-07-29,2706.450765
2017-07-30,2749.384528
2017-07-31,2862.611291
2017-08-01,2727.389182
2017-08-02,2690.145672
2017-08-03,2789.746312
2017-08-04,2860.272843
2017-08-05,3237.423363
2017-08-06,3230.116709
2017-08-07,3392.562419
2017-08-08,3425.676617
2017-08-09,3347.215432
2017-08-10,3437.032155
2017-08-11,3660.520537
2017-08-12,3871.082406
2017-08-13,4063.801053
2017-08-14,4304.603931
2017-08-15,4160.030546
2017-08-16,4364.678575
2017-08-17,4308.516861
2017-08-18,4108.507162
2017-08-19,4160.332457
2017-08-20,4085.810394
2017-08-21,3992.626035
2017-08-22,4074.330461
2017-08-23,4146.915345
2017-08-24,4325.816428
2017-08-25,4353.131773
2017-08-26,4341.978717
2017-08-27,4344.903445
2017-08-28,4379.763921
2017-08-29,4600.456831
2017-08-30,4586.632737
2017-08-31,4740.356218
2017-09-01,4918.166245
2017-09-02,4595.020018
2017-09-03,4625.296314
2017-09-04,4374.753496
2017-09-05,4454.052538
2017-09-06,4607.51653
2017-09-07,4635.111876
2017-09-08,4345.457656
2017-09-09,4335.59345
2017-09-10,4261.843521
2017-09-11,4212.547573
2017-09-12,4164.319434
2017-09-13,3887.118587
2017-09-14,3247.468739
2017-09-15,3699.222944
2017-09-16,3711.234351
2017-09-17,3711.856204
2017-09-18,4080.428443
2017-09-19,3925.73619
2017-09-20,3895.777079
2017-09-21,3617.243466
2017-09-22,3619.213718
2017-09-23,3775.600594
2017-09-24,3676.896944
2017-09-25,3918.738071
2017-09-26,3890.090937
2017-09-27,4207.787485
2017-09-28,4187.769796
2017-09-29,4155.01012
2017-09-30,4334.544613
2017-10-01,4382.086898
2017-10-02,4386.875715
2017-10-03,4306.564642
2017-10-04,4216.684821
2017-10-05,4319.420916
2017-10-06,4365.91571
2017-10-07,4438.855933
2017-10-08,4600.739797
2017-10-09,4777.534657
2017-10-10,4741.077915
2017-10-11,4814.967118
2017-10-12,5393.668983
2017-10-13,5614.077515
2017-10-14,5785.738315
2017-10-15,5689.86506
2017-10-16,5756.148812
2017-10-17,5590.416324
2017-10-18,5583.870426
2017-10-19,5708.312991
2017-10-20,6000.88313
2017-10-21,6030.207893
2017-10-22,5996.598139
2017-10-23,5888.250017
2017-10-24,5517.775353
2017-10-25,5736.017802
2017-10-26,5900.317729
2017-10-27,5771.945046
2017-10-28,5762.388577
2017-10-29,6174.728845
2017-10-30,6119.256384
2017-10-31,6428.514637
2017-11-01,6726.411835
2017-11-02,7043.777939
2017-11-03,7198.632111
2017-11-04,7420.498079
2017-11-05,7371.13903
2017-11-06,6985.263844
2017-11-07,7118.202544
2017-11-08,7451.212787
2017-11-09,7117.73805
2017-11-10,6620.567336
2017-11-11,6346.721449
2017-11-12,5829.097828
2017-11-13,6519.445172
2017-11-14,6592.374397
2017-11-15,7257.373212
2017-11-16,7833.704433
2017-11-17,7729.03327
2017-11-18,7796.154241
2017-11-19,8018.320688
2017-11-20,8269.874257
2017-11-21,8091.998084
2017-11-22,8249.59733
2017-11-23,8071.669821
2017-11-24,8232.422333
2017-11-25,8760.165442
2017-11-26,9319.903315
2017-11-27,9730.728579
2017-11-28,9932.19418
2017-11-29,9800.027552
2017-11-30,9996.714972
2017-12-01,10808.95833
2017-12-02,10934.85999
2017-12-03,11213.94266
2017-12-04,11562.12857
2017-12-05,11736.75407
2017-12-06,13992.13234
2017-12-07,17032.29338
2017-12-08,16298.48734
2017-12-09,15050.02195
2017-12-10,15474.99954
2017-12-11,16873.49778
2017-12-12,17433.93074
2017-12-13,16515.15257
2017-12-14,16602.8928
2017-12-15,17702.00217
2017-12-16,19640.51388
2017-12-17,19250.46765
2017-12-18,18982.02502
2017-12-19,17653.32609
2017-12-20,16453.62726
2017-12-21,15633.83365
2017-12-22,14305.71834
2017-12-23,14910.8581
2017-12-24,14026.34687
2017-12-25,14080.94226
2017-12-26,15727.14548
2017-12-27,15389.00057
2017-12-28,14289.45221
2017-12-29,14571.74608
2017-12-30,12948.71588
2017-12-31,13921.48064
2018-01-01,13464.65361
2018-01-02,14754.3222
2018-01-03,15010.28616
2018-01-04,15070.3008
2018-01-05,16997.22741
2018-01-06,17103.58928
2018-01-07,16231.695
2018-01-08,14937.41509
2018-01-09,14378.58622
2018-01-10,14669.08827
2018-01-11,13186.75494
2018-01-12,13789.44366
2018-01-13,14231.22506
2018-01-14,13681.06546
2018-01-15,13591.6962
2018-01-16,11431.04011
2018-01-17,11159.60859
2018-01-18,11246.03973
2018-01-19,11440.25556
2018-01-20,12768.40459
2018-01-21,11422.39426
2018-01-22,10737.35058
2018-01-23,10849.39188
2018-01-24,11225.89617
2018-01-25,11130.46495
2018-01-26,11035.55461
2018-01-27,11320.97019
2018-01-28,11615.95871
2018-01-29,11132.55431
2018-01-30,9959.546715
2018-01-31,10050.0958
2018-02-01,9039.865075
2018-02-02,8786.07738
2018-02-03,9132.100322
2018-02-04,8250.526896
2018-02-05,6849.542559
2018-02-06,7738.64396
2018-02-07,7624.59539
2018-02-08,8218.580852
2018-02-09,8660.453468
2018-02-10,8530.292805
2018-02-11,8096.728481
2018-02-12,8907.670179
2018-02-13,8523.966932
2018-02-14,9467.301033
2018-02-15,10106.73308
2018-02-16,10189.31648
2018-02-17,11085.59841
2018-02-18,10452.09198
2018-02-19,11139.35573
2018-02-20,11245.93232
2018-02-21,10458.86509
2018-02-22,9878.158943
2018-02-23,10159.06561
2018-02-24,9686.60178
2018-02-25,9603.227477
2018-02-26,10312.36571
2018-02-27,10654.10729
2018-02-28,10307.02497
2018-03-01,10923.63086
2018-03-02,11014.05847
2018-03-03,11425.68057
2018-03-04,11462.5832
2018-03-05,11540.66232
2018-03-06,10677.03523
2018-03-07,9903.085049
2018-03-08,9330.475453
2018-03-09,9278.139184
2018-03-10,8786.560423
2018-03-11,9513.5354
2018-03-12,9147.890181
2018-03-13,9160.542933
2018-03-14,8222.127239
2018-03-15,8268.589122
2018-03-16,8376.904498
2018-03-17,7881.661921
2018-03-18,8189.016719
2018-03-19,8537.015623
2018-03-20,8895.547179
2018-03-21,8879.594257
2018-03-22,8710.664935
2018-03-23,8771.746323
2018-03-24,8610.988516
2018-03-25,8440.610923
2018-03-26,8171.184354
2018-03-27,7837.265319
2018-03-28,7933.64273
2018-03-29,7108.570813
2018-03-30,6832.149066
2018-03-31,6922.281297
2018-04-01,6804.524879
2018-04-02,7033.25961
2018-04-03,7420.800515
2018-04-04,6780.543601
2018-04-05,6798.422617
2018-04-06,6610.49235
2018-04-07,6886.469472
2018-04-08,7009.996104
2018-04-09,6736.892824
2018-04-10,6816.718615
2018-04-11,6944.785857
2018-04-12,7904.330275
2018-04-13,7919.064695
2018-04-14,8006.417943
2018-04-15,8342.271101
2018-04-16,8046.982134
2018-04-17,7887.737958
2018-04-18,8162.834862
2018-04-19,8272.967316
2018-04-20,8839.501132
2018-04-21,8863.540829
2018-04-22,8800.959087
2018-04-23,8930.784634
2018-04-24,9652.213789
2018-04-25,8855.508937
2018-04-26,9264.727427
2018-04-27,8981.33079
2018-04-28,9341.824685
2018-04-29,9396.99763
2018-04-30,9228.726484
2018-05-01,9072.168757
2018-05-02,9204.127641
2018-05-03,9750.700146
2018-05-04,9696.64291
2018-05-05,9795.925772
2018-05-06,9595.086819
2018-05-07,9339.510847
2018-05-08,9212.369635
2018-05-09,9293.042274
2018-05-10,9037.530509
2018-05-11,8419.758587
2018-05-12,8485.775267
2018-05-13,8695.833094
2018-05-14,8671.074175
2018-05-15,8488.463421
2018-05-16,8327.756201
2018-05-17,8050.516239
2018-05-18,8233.086455
2018-05-19,8229.482936
2018-05-20,8511.44883
2018-05-21,8398.623127
2018-05-22,8007.526532
2018-05-23,7520.867679
2018-05-24,7575.624486
2018-05-25,7425.375674
2018-05-26,7326.303186
2018-05-27,7338.193044
2018-05-28,7110.823882
2018-05-29,7453.633725
2018-05-30,7374.669049
2018-05-31,7478.741867
2018-06-01,7519.835737
2018-06-02,7637.448253
2018-06-03,7702.157933
2018-06-04,7486.6532
2018-06-05,7611.149853
2018-06-06,7650.775807
2018-06-07,7665.947896
2018-06-08,7622.60233
2018-06-09,7556.171698
2018-06-10,6744.735801
2018-06-11,6849.452687
2018-06-12,6526.69968
2018-06-13,6306.513168
2018-06-14,6629.770124
2018-06-15,6399.674046
2018-06-16,6495.315309
2018-06-17,6450.693973
2018-06-18,6703.81259
2018-06-19,6732.508809
2018-06-20,6753.206826
2018-06-21,6720.373234
2018-06-22,6059.575859
2018-06-23,6174.225779
2018-06-24,6146.487195
2018-06-25,6243.535441
2018-06-26,6096.128766
2018-06-27,6139.189683
2018-06-28,5858.635778
2018-06-29,6220.913715
2018-06-30,6375.541231
2018-07-01,6361.402539
2018-07-02,6608.367157
2018-07-03,6498.307859
2018-07-04,6579.333376
2018-07-05,6535.298403
2018-07-06,6598.459096
2018-07-07,6737.85608
2018-07-08,6704.91998
2018-07-09,6664.024094
2018-07-10,6309.084004
2018-07-11,6377.976511
2018-07-12,6159.466676
2018-07-13,6208.985572
2018-07-14,6255.112479
2018-07-15,6347.604274
2018-07-16,6710.807437
2018-07-17,7320.594828
2018-07-18,7376.038339
2018-07-19,7467.034298
2018-07-20,7327.256683
2018-07-21,7410.56562
2018-07-22,7399.483747
2018-07-23,7716.158627
2018-07-24,8397.616522
2018-07-25,8202.720395
2018-07-26,7913.930778
2018-07-27,8173.774611
2018-07-28,8190.360057
2018-07-29,8229.605839
2018-07-30,8171.839519
2018-07-31,7725.133036
2018-08-01,7596.698012
2018-08-02,7542.694662
2018-08-03,7411.34425
2018-08-04,7002.208653
2018-08-05,7031.587751
2018-08-06,6929.990894
2018-08-07,6722.578433
2018-08-08,6267.388674
2018-08-09,6558.096908
2018-08-10,6135.751859
2018-08-11,6313.749312
2018-08-12,6314.691656
2018-08-13,6265.848044
2018-08-14,6184.829086
2018-08-15,6270.214799
2018-08-16,6290.750455
2018-08-17,6563.078289
2018-08-18,6399.287447
2018-08-19,6490.716127
2018-08-20,6272.952729
2018-08-21,6473.076039
2018-08-22,6365.009832
2018-08-23,6516.409025
2018-08-24,6697.731879
2018-08-25,6745.438939
2018-08-26,6689.869333
2018-08-27,6839.158952
2018-08-28,7092.973808
2018-08-29,7033.428068
2018-08-30,6966.963744
2018-08-31,7025.14078
2018-09-01,7192.352547
2018-09-02,7286.667791
2018-09-03,7257.470214
2018-09-04,7358.811479
2018-09-05,6790.897328
2018-09-06,6488.075937
2018-09-07,6408.653622
2018-09-08,6187.790502
2018-09-09,6249.24631
2018-09-10,6295.388603
2018-09-11,6278.42464
2018-09-12,6327.536363
2018-09-13,6490.912316
2018-09-14,6494.695479
2018-09-15,6524.165667
2018-09-16,6497.404701
2018-09-17,6258.594875
2018-09-18,6340.34779
2018-09-19,6383.951876
2018-09-20,6498.607111
2018-09-21,6741.142899
2018-09-22,6705.476051
2018-09-23,6703.13685
2018-09-24,6576.545003
2018-09-25,6416.444022
2018-09-26,6463.250404
2018-09-27,6677.900489
2018-09-28,6623.12616
2018-09-29,6584.499148
2018-09-30,6604.485028
2018-10-01,6561.813832
2018-10-02,6508.720939
2018-10-03,6464.456844
2018-10-04,6545.285668
2018-10-05,6585.14958
2018-10-06,6550.478316
2018-10-07,6564.56826
2018-10-08,6604.685274
2018-10-09,6590.428622
2018-10-10,6529.102436
2018-10-11,6159.251643
2018-10-12,6191.677223
2018-10-13,6197.685696
2018-10-14,6182.879344
2018-10-15,6442.715414
2018-10-16,6461.937159
2018-10-17,6442.7307
2018-10-18,6396.479812
2018-10-19,6383.07784
2018-10-20,6408.252746
2018-10-21,6415.340503
2018-10-22,6408.033636
2018-10-23,6395.987667
2018-10-24,6413.803641
2018-10-25,6402.324859
2018-10-26,6404.108552
2018-10-27,6409.405328
2018-10-28,6406.633253
2018-10-29,6263.041735
2018-10-30,6272.167728
2018-10-31,6306.316931
2018-11-01,6342.977501
2018-11-02,6348.168583
2018-11-03,6332.434133
2018-11-04,6420.422
2018-11-05,6402.946839
2018-11-06,6441.145219
2018-11-07,6500.869805
2018-11-08,6406.752937
2018-11-09,6331.378767
2018-11-10,6353.112734
2018-11-11,6335.414204
2018-11-12,6320.656054
2018-11-13,6267.937991
2018-11-14,5574.258349
2018-11-15,5538.560608
2018-11-16,5496.016231
2018-11-17,5501.09234
2018-11-18,5555.376338
2018-11-19,4792.200024
2018-11-20,4317.53067
2018-11-21,4549.32201
2018-11-22,4303.615549
2018-11-23,4289.892853
2018-11-24,3806.316925
2018-11-25,3946.850874
2018-11-26,3700.285993
2018-11-27,3776.555905
2018-11-28,4208.475269
2018-11-29,4239.039488
2018-11-30,3973.334052
2018-12-01,4148.073726
2018-12-02,4098.746764
2018-12-03,3843.976666
2018-12-04,3892.951647
2018-12-05,3709.520858
2018-12-06,3511.968982
2018-12-07,3372.995693
2018-12-08,3407.951195
2018-12-09,3540.439576
2018-12-10,3413.592584
2018-12-11,3352.5642
2018-12-12,3423.012918
2018-12-13,3260.341582
2018-12-14,3198.947474
2018-12-15,3185.074044
2018-12-16,3195.414555
2018-12-17,3499.156482
2018-12-18,3659.527379
2018-12-19,3697.725303
2018-12-20,4067.737708
2018-12-21,3839.085108
2018-12-22,3964.946116
2018-12-23,3942.666996
2018-12-24,4040.04579
2018-12-25,3761.584011
2018-12-26,3807.657454
2018-12-27,3585.460536
2018-12-28,3881.054885
2018-12-29,3823.138326
2018-12-30,3825.407463
2018-12-31,3687.19994
2019-01-01,3808.117832
2019-01-02,3898.197488
2019-01-03,3784.388635
2019-01-04,3827.524594
2019-01-05,3798.613955
2019-01-06,4045.993775
2019-01-07,4001.018278
2019-01-08,3992.622789
2019-01-09,4004.259036
2019-01-10,3627.90345
2019-01-11,3624.161421
2019-01-12,3617.022078
2019-01-13,3508.670108
2019-01-14,3666.945194
2019-01-15,3581.293015
2019-01-16,3606.986576
2019-01-17,3640.129131
2019-01-18,3609.426736
2019-01-19,3687.301961
2019-01-20,3538.313723
2019-01-21,3535.623393
2019-01-22,3577.30835
2019-01-23,3551.893821
2019-01-24,3567.588934
2019-01-25,3561.350498
2019-01-26,3557.039915
2019-01-27,3537.614131
2019-01-28,3435.052514
2019-01-29,3395.823763
2019-01-30,3437.895866
2019-01-31,3410.131616
2019-02-01,3445.049891
2019-02-02,3461.935117
2019-02-03,3413.021616
2019-02-04,3411.387962
2019-02-05,3426.465011
2019-02-06,3367.506365
2019-02-07,3358.873599
2019-02-08,3612.479619
2019-02-09,3621.268121
2019-02-10,3642.022359
2019-02-11,3590.618484
2019-02-12,3587.902466
2019-02-13,3576.085373
2019-02-14,3561.916383
2019-02-15,3565.006924
2019-02-16,3584.736003
2019-02-17,3622.757429
2019-02-18,3866.129217
2019-02-19,3895.435211
2019-02-20,3931.613829
2019-02-21,3892.261794
2019-02-22,3948.300511
2019-02-23,4110.151121
2019-02-24,3754.18379
2019-02-25,3822.018697
2019-02-26,3796.175068
2019-02-27,3799.381992
2019-02-28,3792.947723
2019-03-01,3810.632693
2019-03-02,3809.643391
2019-03-03,3782.38187
2019-03-04,3698.161855
2019-03-05,3840.128049
2019-03-06,3851.998425
2019-03-07,3855.923168
2019-03-08,3839.233553
2019-03-09,3910.361167
2019-03-10,3903.911951
2019-03-11,3851.568922
2019-03-12,3858.914824
2019-03-13,3851.957466
2019-03-14,3853.783265
2019-03-15,3901.914207
2019-03-16,3989.796077
2019-03-17,3967.143494
2019-03-18,3969.440146
2019-03-19,3996.167904
2019-03-20,4030.655276
2019-03-21,3976.27385
2019-03-22,3983.887646
2019-03-23,3981.776033
2019-03-24,3970.666988
2019-03-25,3908.238839
2019-03-26,3917.763402
2019-03-27,4027.007918
2019-03-28,4010.937462
2019-03-29,4089.46104
2019-03-30,4091.891038
2019-03-31,4094.317815
2019-04-01,4138.417808
2019-04-02,4903.719462
2019-04-03,4960.227603
2019-04-04,4911.269702
2019-04-05,5033.225484
2019-04-06,5044.356846
2019-04-07,5189.111956
2019-04-08,5283.423025
2019-04-09,5195.577909
2019-04-10,5311.741603
2019-04-11,5050.666009
2019-04-12,5082.861432
2019-04-13,5074.790693
2019-04-14,5156.804041
2019-04-15,5042.897738
2019-04-16,5205.962957
2019-04-17,5226.352215
2019-04-18,5278.50234
2019-04-19,5289.951219
2019-04-20,5313.973262
2019-04-21,5295.733828
2019-04-22,5383.799975
2019-04-23,5544.862712
2019-04-24,5431.94792
2019-04-25,5127.673167
2019-04-26,5150.164661
2019-04-27,5181.807764
2019-04-28,5148.669615
2019-04-29,5148.800493
2019-04-30,5266.618203
2019-05-01,5315.175329
2019-05-02,5393.129376
2019-05-03,5658.430388
2019-05-04,5774.712429
2019-05-05,5728.351702
2019-05-06,5691.688374
2019-05-07,5825.744893
2019-05-08,5931.800595
2019-05-09,6150.140445
2019-05-10,6357.463494
2019-05-11,7325.08286
2019-05-12,6942.623175
2019-05-13,7798.905736
2019-05-14,7955.557682
2019-05-15,8215.206838
2019-05-16,7862.071602
2019-05-17,7326.920682
2019-05-18,7277.987563
2019-05-19,8219.742787
2019-05-20,7981.139379
2019-05-21,7983.808477
2019-05-22,7667.902115
2019-05-23,7897.471294
2019-05-24,7987.100368
2019-05-25,8061.591761
2019-05-26,8731.524956
2019-05-27,8816.786708
2019-05-28,8719.125848
2019-05-29,8655.488506
2019-05-30,8271.621963
2019-05-31,8556.222186
2019-06-01,8554.80733
2019-06-02,8744.353745
2019-06-03,8173.401271
2019-06-04,7649.939332
2019-06-05,7798.544466
2019-06-06,7776.713326
2019-06-07,8023.950093
2019-06-08,7939.805155
2019-06-09,7634.065751
2019-06-10,7993.302539
2019-06-11,7922.483627
2019-06-12,8146.756125
2019-06-13,8232.777341
2019-06-14,8698.004815
2019-06-15,8850.584816
2019-06-16,9019.517007
2019-06-17,9340.572189
2019-06-18,9047.132744
2019-06-19,9285.055677
2019-06-20,9546.719778
2019-06-21,10083.48631
2019-06-22,10685.29523
2019-06-23,10794.4277
2019-06-24,11004.20691
2019-06-25,11726.26383
2019-06-26,12863.46068
2019-06-27,11109.79784
2019-06-28,12358.20796
2019-06-29,11944.35155
2019-06-30,10842.61671
2019-07-01,10569.55173
2019-07-02,10766.08332
2019-07-03,11952.02489
2019-07-04,11177.01038
2019-07-05,10998.3991
2019-07-06,11208.2256
2019-07-07,11456.1836
2019-07-08,12319.62288
2019-07-09,12579.10762
2019-07-10,12106.78293
2019-07-11,11294.67803
2019-07-12,11813.32372
2019-07-13,11346.83715
2019-07-14,10283.07579
2019-07-15,10926.38027
2019-07-16,9471.140865
2019-07-17,9674.882461
2019-07-18,10679.89069
2019-07-19,10532.20273
2019-07-20,10862.64855
2019-07-21,10589.70649
2019-07-22,10318.56093
2019-07-23,9866.64894
2019-07-24,9792.787537
2019-07-25,9897.186786
2019-07-26,9836.696788
2019-07-27,9446.672052
2019-07-28,9529.788792
2019-07-29,9504.158916
2019-07-30,9589.109206
2019-07-31,10059.00402
2019-08-01,10400.30701
2019-08-02,10529.69445
2019-08-03,10810.42167
2019-08-04,10986.50893
2019-08-05,11790.02394
2019-08-06,11423.497
2019-08-07,11967.27355
2019-08-08,11938.23461
2019-08-09,11858.3411
2019-08-10,11303.73056
2019-08-11,11530.19524
2019-08-12,11384.69625
2019-08-13,10867.05476
2019-08-14,10024.37959
2019-08-15,10310.08587
2019-08-16,10373.3219
2019-08-17,10207.15556
2019-08-18,10331.30998
2019-08-19,10884.62977
2019-08-20,10771.39238
2019-08-21,10096.83022
2019-08-22,10119.71452
2019-08-23,10414.14417
2019-08-24,10147.08715
2019-08-25,10100.35678
2019-08-26,10362.64347
2019-08-27,10168.22157
2019-08-28,9724.799978
2019-08-29,9482.311735
2019-08-30,9577.678823
2019-08-31,9605.024461
2019-09-01,9762.936557
2019-09-02,10377.33838
2019-09-03,10618.78151
2019-09-04,10577.24108
2019-09-05,10580.1847
2019-09-06,10330.84973
2019-09-07,10494.50696
2019-09-08,10407.26566
2019-09-09,10332.46444
2019-09-10,10085.95192
2019-09-11,10142.14806
2019-09-12,10403.35997
2019-09-13,10345.33875
2019-09-14,10363.4529
2019-09-15,10306.16967
2019-09-16,10257.82276
2019-09-17,10195.61118
2019-09-18,10161.31887
2019-09-19,10268.39263
2019-09-20,10170.12512
2019-09-21,9986.406108
2019-09-22,10047.01347
2019-09-23,9692.741048
2019-09-24,8613.671249
2019-09-25,8424.157646
2019-09-26,8091.695299
2019-09-27,8186.779639
2019-09-28,8201.979013
2019-09-29,8064.508062
2019-09-30,8282.365454
2019-10-01,8314.55139
2019-10-02,8362.530732
2019-10-03,8254.33991
2019-10-04,8165.686151
2019-10-05,8141.633714
2019-10-06,7854.609813
2019-10-07,8226.023429
2019-10-08,8190.115121
2019-10-09,8598.331921
2019-10-10,8578.090379
2019-10-11,8289.854029
2019-10-12,8323.750144
2019-10-13,8291.250651
2019-10-14,8346.368437
2019-10-15,8160.712628
2019-10-16,8003.855923
2019-10-17,8072.489382
2019-10-18,7959.331994
2019-10-19,7948.477337
2019-10-20,8213.709039
2019-10-21,8211.654559
2019-10-22,8029.205373
2019-10-23,7458.035857
2019-10-24,7454.371138
2019-10-25,8656.655178
2019-10-26,9249.646761
2019-10-27,9558.156044
2019-10-28,9319.178142
2019-10-29,9431.207124
2019-10-30,9182.855065
2019-10-31,9155.277299
2019-11-01,9251.381293
2019-11-02,9300.190838
2019-11-03,9209.638696
2019-11-04,9418.360131
2019-11-05,9330.787223
2019-11-06,9354.933382
2019-11-07,9210.748222
2019-11-08,8791.333935
2019-11-09,8810.784562
2019-11-10,9042.890723
2019-11-11,8713.20793
2019-11-12,8788.958143
2019-11-13,8766.729431
2019-11-14,8645.435804
2019-11-15,8465.877889
2019-11-16,8477.690243
2019-11-17,8505.161223
2019-11-18,8183.533414
2019-11-19,8116.820673
2019-11-20,8076.55466
2019-11-21,7612.277488
2019-11-22,7277.524273
2019-11-23,7324.836179
2019-11-24,6943.380656
2019-11-25,7139.044686
2019-11-26,7165.43773
2019-11-27,7526.863817
2019-11-28,7436.336382
2019-11-29,7747.738042
2019-11-30,7556.193721
2019-12-01,7417.727206
2019-12-02,7318.312522
2019-12-03,7306.446233
2019-12-04,7215.020345
2019-12-05,7404.086795
2019-12-06,7534.208356
2019-12-07,7512.061403
2019-12-08,7528.940269
2019-12-09,7340.227459
2019-12-10,7232.091784
2019-12-11,7200.464446
2019-12-12,7192.849024
2019-12-13,7244.90372
2019-12-14,7071.10709
2019-12-15,7111.28667
2019-12-16,6882.395795
2019-12-17,6608.96198
2019-12-18,7284.625484
2019-12-19,7146.167638
2019-12-20,7184.219172
2019-12-21,7140.298011
2019-12-22,7479.402408
2019-12-23,7321.748724
2019-12-24,7235.629084
2019-12-25,7191.174166
2019-12-26,7194.639758
2019-12-27,7237.150447
2019-12-28,7306.643308
2019-12-29,7391.578521
2019-12-30,7229.397101
2019-12-31,7167.395055
2020-01-01,7170.631869
2020-01-02,6946.825269
2020-01-03,7315.30936
2020-01-04,7343.164194
2020-01-05,7345.530692
2020-01-06,7765.797735
2020-01-07,8136.086842
2020-01-08,8059.699529
2020-01-09,7817.136093
2020-01-10,8129.81792
2020-01-11,8032.005495
2020-01-12,8164.549993
2020-01-13,8121.925668
2020-01-14,8830.167873
2020-01-15,8811.448203
2020-01-16,8718.686998
2020-01-17,8912.541904
2020-01-18,8928.180757
2020-01-19,8687.354837
2020-01-20,8636.258786
2020-01-21,8730.86756
2020-01-22,8647.900474
2020-01-23,8366.384614
2020-01-24,8423.390958
2020-01-25,8344.774569
2020-01-26,8573.87481
2020-01-27,8901.959285
2020-01-28,9297.388318
2020-01-29,9311.947544
2020-01-30,9508.920965
2020-01-31,9357.284782
2020-02-01,9381.886029
2020-02-02,9339.387063
2020-02-03,9279.812521
2020-02-04,9161.627198
2020-02-05,9628.136776
2020-02-06,9739.280436
2020-02-07,9800.2794
2020-02-08,9911.293408
2020-02-09,10151.0832
2020-02-10,9872.361873
2020-02-11,10272.22256
2020-02-12,10360.13522
2020-02-13,10235.49732
2020-02-14,10361.61569
2020-02-15,9911.724327
2020-02-16,9952.046612
2020-02-17,9683.079628
2020-02-18,10195.30379
2020-02-19,9636.002299
2020-02-20,9614.030122
2020-02-21,9701.797503
2020-02-22,9675.249058
2020-02-23,9972.842423
2020-02-24,9648.007883
2020-02-25,9344.28714
2020-02-26,8798.888949
2020-02-27,8779.029482
2020-02-28,8750.593446
2020-02-29,8582.0903
2020-03-01,8541.773894
2020-03-02,8906.214756
2020-03-03,8768.810614
2020-03-04,8756.369572
2020-03-05,9062.615803
2020-03-06,9147.085059
2020-03-07,8898.306957
2020-03-08,8109.614541
2020-03-09,7896.38532
2020-03-10,7909.927875
2020-03-11,7939.341335
2020-03-12,4959.313414
2020-03-13,5627.692388
2020-03-14,5145.172506
2020-03-15,5358.610663
2020-03-16,5012.927388
2020-03-17,5416.754711
2020-03-18,5392.487836
2020-03-19,6203.551632
2020-03-20,6174.149476
2020-03-21,6175.831022
2020-03-22,5830.56098
2020-03-23,6486.408657
2020-03-24,6775.057619
2020-03-25,6689.969013
2020-03-26,6754.460336
2020-03-27,6490.795415
2020-03-28,6231.81989
2020-03-29,5904.857587
2020-03-30,6436.9057
2020-03-31,6432.383242
2020-04-01,6643.110009
2020-04-02,6792.742222
2020-04-03,6751.902552
2020-04-04,6859.989169
2020-04-05,6790.812473
2020-04-06,7298.173745
2020-04-07,7187.593337
2020-04-08,7372.194764
2020-04-09,7299.579188
2020-04-10,6859.822675
2020-04-11,6883.182229
2020-04-12,6978.666287
2020-04-13,6863.575533
2020-04-14,6875.538503
2020-04-15,6625.475775
2020-04-16,7127.792282
2020-04-17,7081.395198
2020-04-18,7262.792344
2020-04-19,7150.244215
2020-04-20,6853.273415
2020-04-21,6870.423699
2020-04-22,7123.65692
2020-04-23,7488.605165
2020-04-24,7506.443316
2020-04-25,7537.738209
2020-04-26,7684.068522
2020-04-27,7777.491519
2020-04-28,7769.899698
2020-04-29,8761.83717
2020-04-30,8652.410991
2020-05-01,8855.535258
2020-05-02,8977.281705
2020-05-03,8896.795638
2020-05-04,8881.954305
2020-05-05,8985.879599
2020-05-06,9266.813073
2020-05-07,9993.753177
2020-05-08,9859.323605
2020-05-09,9577.338922
2020-05-10,8715.033293
2020-05-11,8591.652884
2020-05-12,8817.250681
2020-05-13,9322.997202
2020-05-14,9801.269488
2020-05-15,9326.875859
2020-05-16,9395.475389
2020-05-17,9682.532481
2020-05-18,9726.850022
2020-05-19,9754.201462
2020-05-20,9515.70255
2020-05-21,9068.801229
2020-05-22,9161.815034
2020-05-23,9183.662125
2020-05-24,8806.230657
2020-05-25,8909.192582
2020-05-26,8835.137253
2020-05-27,9169.057439
2020-05-28,9568.261853
2020-05-29,9432.413333
2020-05-30,9691.680491
2020-05-31,9433.943847
2020-06-01,10199.13505
2020-06-02,9512.346533
2020-06-03,9642.2734
2020-06-04,9813.360679
2020-06-05,9641.891623
2020-06-06,9668.670539
2020-06-07,9747.580111
2020-06-08,9769.342361
2020-06-09,9779.422166
2020-06-10,9888.444175
2020-06-11,9277.451169
2020-06-12,9456.161533
2020-06-13,9461.333799
2020-06-14,9342.955635
2020-06-15,9441.383211
2020-06-16,9520.091948
2020-06-17,9448.693561
2020-06-18,9389.990766
2020-06-19,9285.991583
2020-06-20,9357.292464
2020-06-21,9284.769372
2020-06-22,9684.620185
2020-06-23,9611.725998
2020-06-24,9292.943544
2020-06-25,9247.121432
2020-06-26,9159.437772
2020-06-27,9002.165617
2020-06-28,9108.065675
2020-06-29,9184.247366
2020-06-30,9143.967585
2020-07-01,9241.339612
2020-07-02,9094.387287
2020-07-03,9066.690697
2020-07-04,9126.219555
2020-07-05,9079.614018
2020-07-06,9338.942591
2020-07-07,9252.158733
2020-07-08,9434.567956
2020-07-09,9231.502348
2020-07-10,9285.221015
2020-07-11,9237.171008
2020-07-12,9289.097977
2020-07-13,9236.622501
2020-07-14,9260.356987
2020-07-15,9196.725559
2020-07-16,9132.592312
2020-07-17,9156.46871
2020-07-18,9175.905309
2020-07-19,9218.842311
2020-07-20,9167.190568
2020-07-21,9388.57435
2020-07-22,9531.25743
2020-07-23,9609.166715
2020-07-24,9548.100727
2020-07-25,9702.45279
2020-07-26,9933.906554
2020-07-27,11046.50833
2020-07-28,10944.61298
2020-07-29,11115.77128
2020-07-30,11135.39073
2020-07-31,11338.19734
2020-08-01,11797.58213
2020-08-02,11094.02068
2020-08-03,11236.09568
2020-08-04,11202.65191
2020-08-05,11721.43847
2020-08-06,11769.30911
2020-08-07,11598.96906
2020-08-08,11743.00864
2020-08-09,11680.51737
2020-08-10,11870.36954
2020-08-11,11392.64409
2020-08-12,11575.51247
2020-08-13,11773.44812
2020-08-14,11774.40825
2020-08-15,11866.91036
2020-08-16,11899.64275
2020-08-17,12315.76242
2020-08-18,11992.696
2020-08-19,11736.84906
2020-08-20,11867.52034
2020-08-21,11524.69895
2020-08-22,11682.28915
2020-08-23,11665.60927
2020-08-24,11771.40805
2020-08-25,11358.45432
2020-08-26,11472.04912
2020-08-27,11314.67374
2020-08-28,11527.88303
2020-08-29,11490.76235
2020-08-30,11698.97583
2020-08-31,11678.34823
2020-09-01,11970.36486
2020-09-02,11414.52093
2020-09-03,10261.49441
2020-09-04,10471.96641
2020-09-05,10128.64359
2020-09-06,10253.2999
2020-09-07,10367.87835
2020-09-08,10108.63545
2020-09-09,10223.11141
2020-09-10,10334.63073
2020-09-11,10387.02074
2020-09-12,10436.97783
2020-09-13,10322.52361
2020-09-14,10662.71991
2020-09-15,10779.38102
2020-09-16,10968.32055
2020-09-17,10936.29275
2020-09-18,10920.11284
2020-09-19,11073.77955
2020-09-20,10921.2181
2020-09-21,10455.37996
2020-09-22,10519.83916
2020-09-23,10233.29957
2020-09-24,10739.04271
2020-09-25,10683.63058
2020-09-26,10742.03042
2020-09-27,10758.82429
2020-09-28,10727.37505
2020-09-29,10841.14274
2020-09-30,10772.35177
2020-10-01,10606.61733
2020-10-02,10570.10568
2020-10-03,10555.70543
2020-10-04,10665.61862
2020-10-05,10772.6356
2020-10-06,10596.37355
2020-10-07,10667.19439
2020-10-08,10902.52936
2020-10-09,11074.10368
2020-10-10,11302.85429
2020-10-11,11378.26253
2020-10-12,11548.40156
2020-10-13,11434.96878
2020-10-14,11417.10811
2020-10-15,11502.58124
2020-10-16,11338.98718
2020-10-17,11362.80222
2020-10-18,11489.62257
2020-10-19,11745.81197
2020-10-20,11929.45725
2020-10-21,12848.49062
2020-10-22,12997.49934
2020-10-23,12953.4297
2020-10-24,13113.86692
2020-10-25,13041.64104
2020-10-26,13080.65617
2020-10-27,13675.52393
2020-10-28,13290.32885
2020-10-29,13475.2173
2020-10-30,13603.29609
2020-10-31,13807.23361
2020-11-01,13736.89941
2020-11-02,13595.56476
2020-11-03,13996.9154
2020-11-04,14129.1482
2020-11-05,15606.46683
2020-11-06,15618.97247
2020-11-07,14866.3563
2020-11-08,15500.00071
2020-11-09,15319.81997
2020-11-10,15319.27568
2020-11-11,15731.24111
2020-11-12,16289.8149
2020-11-13,16330.06277
2020-11-14,16102.01002
2020-11-15,15986.75499
2020-11-16,16743.05394
2020-11-17,17682.16919
2020-11-18,17804.69002
2020-11-19,17818.66866
2020-11-20,18663.78185
2020-11-21,18706.58934
2020-11-22,18482.69263
2020-11-23,18373.25776
2020-11-24,19150.25105
2020-11-25,18748.39371
2020-11-26,17113.71687
2020-11-27,17101.60302
2020-11-28,17745.37731
2020-11-29,18190.86688
2020-11-30,19664.40761
2020-12-01,18820.60779
2020-12-02,19214.87223
2020-12-03,19470.31121
2020-12-04,18732.96709
2020-12-05,19114.63313
2020-12-06,19356.31368
2020-12-07,19182.17683
2020-12-08,18340.97814
2020-12-09,18574.69674
2020-12-10,18294.84695
2020-12-11,18061.76003
2020-12-12,18813.28377
2020-12-13,19156.08251
2020-12-14,19286.7513
2020-12-15,19432.58846
2020-12-16,21370.72032
2020-12-17,22789.26742
2020-12-18,23048.76456
2020-12-19,23856.77352
2020-12-20,23528.55061
2020-12-21,22937.41834
2020-12-22,23756.88877
2020-12-23,23307.2709
2020-12-24,23707.63304
2020-12-25,24669.16432
2020-12-26,26478.06811
2020-12-27,26430.8566
2020-12-28,27039.34902
2020-12-29,27231.20346
2020-12-30,28844.61368
2020-12-31,29022.67141
2021-01-01,29380.69373
2021-01-02,32022.68106
2021-01-03,33277.83531
2021-01-04,31802.14671
2021-01-05,34013.17417
2021-01-06,36643.27772
2021-01-07,39215.65115
2021-01-08,40775.40456
2021-01-09,40370.68235
2021-01-10,38329.34017
2021-01-11,35269.51372
2021-01-12,33712.46855
2021-01-13,37296.54753
2021-01-14,39045.51834
2021-01-15,36710.31742
2021-01-16,36177.2611
2021-01-17,36069.93947
2021-01-18,36594.2964
2021-01-19,36250.14619
2021-01-20,35515.48001
2021-01-21,31022.95103
2021-01-22,32986.43576
2021-01-23,32036.28227
2021-01-24,32216.10429
2021-01-25,32419.70595
2021-01-26,32640.63914
2021-01-27,30358.93472
2021-01-28,33511.2876
2021-01-29,34166.14943
2021-01-30,34349.9171
2021-01-31,33157.83257
2021-02-01,33570.27185
2021-02-02,35596.14891
2021-02-03,37578.37321
2021-02-04,37129.20294
2021-02-05,38045.41361
2021-02-06,39341.72708
2021-02-07,39003.01218
2021-02-08,46121.93407
2021-02-09,46548.16199
2021-02-10,45078.12835
2021-02-11,47892.84092
2021-02-12,47525.20914
2021-02-13,47208.62503
2021-02-14,48829.82751
2021-02-15,48110.24173
2021-02-16,49140.38266
2021-02-17,52224.93911
2021-02-18,51650.06995
2021-02-19,55820.5044
2021-02-20,55861.82057
2021-02-21,57500.71611
2021-02-22,53952.15334
2021-02-23,48560.48904
2021-02-24,49567.34569
2021-02-25,47568.13117
2021-02-26,46231.76758
2021-02-27,45834.51336
2021-02-28,45359.46416
2021-03-01,49634.44711
2021-03-02,48304.70549
2021-03-03,50690.46718
2021-03-04,48472.79548
2021-03-05,48800.81736
2021-03-06,48970.52449
2021-03-07,51086.46818
2021-03-08,52088.47513
2021-03-09,54739.13525
2021-03-10,56116.04091
2021-03-11,57847.25494
2021-03-12,57334.64153
2021-03-13,61288.79413
2021-03-14,59905.61847
2021-03-15,56121.12192
2021-03-16,56500.44603
2021-03-17,58683.06598
2021-03-18,57731.47984
2021-03-19,58168.12192
2021-03-20,58247.88471
2021-03-21,57447.93302
2021-03-22,54453.13735
2021-03-23,54563.61195
2021-03-24,52595.41132
2021-03-25,51547.1249
2021-03-26,54817.85711
2021-03-27,56019.83731
2021-03-28,55713.03814
2021-03-29,57571.23335
2021-03-30,58684.54839
2021-03-31,58792.19483
2021-04-01,58818.9771
2021-04-02,59031.53402
2021-04-03,57282.38962
2021-04-04,58202.19939
2021-04-05,58755.85253
2021-04-06,58084.06642
2021-04-07,56266.83468
2021-04-08,57963.3446
2021-04-09,58051.76256
2021-04-10,59651.55899
2021-04-11,59932.93065
2021-04-12,59905.93637
2021-04-13,63445.63831
2021-04-14,62869.49559
2021-04-15,63231.16299
2021-04-16,61571.11009
2021-04-17,60280.87618
2021-04-18,56389.55798
2021-04-19,55798.13708
2021-04-20,56474.37376
2021-04-21,54025.79957
2021-04-22,51882.05981
2021-04-23,50954.91006
2021-04-24,50279.94845
2021-04-25,48946.94074
2021-04-26,53943.34998
2021-04-27,55027.03098
2021-04-28,54787.37871
2021-04-29,53567.08119
2021-04-30,57741.44442
2021-05-01,57863.59039
2021-05-02,56572.59684
2021-05-03,57243.04161
2021-05-04,53724.10893
2021-05-05,57342.02566
2021-05-06,56527.35298
2021-05-07,57341.06845
2021-05-08,58736.1259
2021-05-09,58288.42563
2021-05-10,55902.92774
2021-05-11,56612.10265
2021-05-12,50972.35508
2021-05-13,49368.61447
2021-05-14,49997.3959
2021-05-15,47047.96333
2021-05-16,46022.50371
2021-05-17,43492.39548
2021-05-18,42789.80939
2021-05-19,37642.52
2021-05-20,40799.40215
2021-05-21,37174.3311
2021-05-22,37643.4198
2021-05-23,34774.20722
2021-05-24,38630.40912
2021-05-25,38269.77107
2021-05-26,39194.8589
2021-05-27,38510.85704
2021-05-28,35596.71795
2021-05-29,34681.81837
2021-05-30,35652.16877
2021-05-31,37312.9749
2021-06-01,36661.37812
2021-06-02,37639.45567
2021-06-03,39160.15041
2021-06-04,36884.37356
2021-06-05,35409.56724
2021-06-06,35720.60435
2021-06-07,33724.90775
2021-06-08,33475.04892
2021-06-09,37372.9889
2021-06-10,36826.00222
2021-06-11,37185.39313
2021-06-12,35669.17128
2021-06-13,38925.41943
2021-06-14,40455.59598
2021-06-15,40254.65147
2021-06-16,38265.54377
2021-06-17,38018.64323
2021-06-18,35714.31208
2021-06-19,35555.9764
2021-06-20,35599.94188
2021-06-21,31715.15986
2021-06-22,32394.55559
2021-06-23,33610.49681
2021-06-24,34658.97288
2021-06-25,31683.5032
2021-06-26,31890.67645
2021-06-27,34506.4912
2021-06-28,34376.18854
2021-06-29,35933.77822
2021-06-30,35065.46615
2021-07-01,33505.08049
2021-07-02,33782.94595